participations,driverref,fastestlaps,races_finished,first_win,did_not_start,last_win,podiums,first_race,last_race,championships,poles,subchampionships,seasons,top_ten,wins,finished_in_points,did_not_finish,points
0,stroll,0,0,,0,,0,,,0,0,0,0,0,0,0,0,
0,lopez,0,0,,0,,0,,,0,0,0,0,0,0,0,0,
1,mcguire,0,0,,1,,0,1977-07-16,1977-07-16,0,0,0,1,0,0,0,0,0.0
1,rigsby,0,1,,0,,0,1952-05-30,1952-05-30,0,0,0,1,0,0,0,0,0.0
1,dusio,0,0,,1,,0,1952-09-07,1952-09-07,0,0,0,1,0,0,0,0,0.0
1,gimax,0,0,,1,,0,1978-09-10,1978-09-10,0,0,0,1,0,0,0,0,0.0
1,mcrae,0,0,,0,,0,1973-07-14,1973-07-14,0,0,0,1,0,0,0,1,0.0
1,bordeu,0,0,,1,,0,1961-07-02,1961-07-02,0,0,0,1,0,0,0,0,0.0
1,chitwood,0,1,,0,,0,1950-05-30,1950-05-30,0,0,0,1,1,0,1,0,1.0
1,facetti,0,0,,1,,0,1974-09-08,1974-09-08,0,0,0,1,0,0,0,0,0.0
1,zapico,0,0,,1,,0,1976-05-02,1976-05-02,0,0,0,1,0,0,0,0,0.0
1,mazet,0,1,,0,,0,1971-07-04,1971-07-04,0,0,0,1,0,0,0,0,0.0
1,mayer,0,0,,0,,0,1962-10-07,1962-10-07,0,0,0,1,0,0,0,1,0.0
1,chimeri,0,0,,0,,0,1960-02-07,1960-02-07,0,0,0,1,0,0,0,1,0.0
1,pozzi,0,1,,0,,0,1950-07-02,1950-07-02,0,0,0,1,1,0,0,0,0.0
1,sparken,0,1,,0,,0,1955-07-16,1955-07-16,0,0,0,1,1,0,0,0,0.0
1,blanchard,0,1,,0,,0,1959-12-12,1959-12-12,0,0,0,1,1,0,0,0,0.0
1,quester,0,1,,0,,0,1974-08-18,1974-08-18,0,0,0,1,1,0,0,0,0.0
1,south,0,0,,1,,0,1980-03-30,1980-03-30,0,0,0,1,0,0,0,0,0.0
1,parker,0,0,,0,,0,1951-07-14,1951-07-14,0,0,0,1,0,0,0,1,0.0
1,edmunds,0,0,,0,,0,1957-05-30,1957-05-30,0,0,0,1,0,0,0,1,0.0
1,charrington,0,0,,0,,0,1952-06-22,1952-06-22,0,0,0,1,0,0,0,1,0.0
1,bonomi,0,1,,0,,0,1960-02-07,1960-02-07,0,0,0,1,0,0,0,0,0.0
1,markus_winkelhock,0,0,,0,,0,2007-07-22,2007-07-22,0,0,0,0,0,0,0,1,0.0
1,hocking,0,0,,1,,0,1962-12-29,1962-12-29,0,0,0,1,0,0,0,0,0.0
1,scherrer,0,1,,0,,0,1953-08-23,1953-08-23,0,0,0,1,1,0,0,0,0.0
1,clapham,0,0,,1,,0,1965-01-01,1965-01-01,0,0,0,1,0,0,0,0,0.0
1,duke,0,0,,1,,0,1961-08-06,1961-08-06,0,0,0,1,0,0,0,0,0.0
1,blignaut,0,0,,1,,0,1965-01-01,1965-01-01,0,0,0,1,0,0,0,0,0.0
1,drake,0,1,,0,,0,1960-11-20,1960-11-20,0,0,0,1,0,0,0,0,0.0
1,goethals,0,0,,0,,0,1958-08-03,1958-08-03,0,0,0,1,0,0,0,1,0.0
1,duncan,0,0,,0,,0,1954-05-31,1954-05-31,0,0,0,1,0,0,0,1,0.0
1,roos,0,0,,0,,0,1974-06-09,1974-06-09,0,0,0,1,0,0,0,1,0.0
1,chapman,0,0,,0,,0,1956-07-01,1956-07-01,0,0,0,1,0,0,0,1,0.0
1,fitzau,0,0,,0,,0,1953-08-02,1953-08-02,0,0,0,1,0,0,0,1,0.0
1,dryver,0,0,,1,,0,1977-06-05,1977-06-05,0,0,0,1,0,0,0,0,0.0
1,boffa,0,0,,1,,0,1961-09-10,1961-09-10,0,0,0,1,0,0,0,0,0.0
1,drogo,0,1,,0,,0,1960-09-04,1960-09-04,0,0,0,1,1,0,0,0,0.0
1,widdows,0,0,,0,,0,1968-07-20,1968-07-20,0,0,0,1,0,0,0,1,0.0
1,mantz,0,1,,0,,0,1953-05-30,1953-05-30,0,0,0,1,0,0,0,0,0.0
1,mackey,0,0,,0,,0,1951-05-30,1951-05-30,0,0,0,1,0,0,0,1,0.0
1,riseley_prichard,0,0,,0,,0,1954-07-17,1954-07-17,0,0,0,1,0,0,0,1,0.0
1,whitehouse,0,0,,0,,0,1954-07-17,1954-07-17,0,0,0,1,0,0,0,1,0.0
1,Changy,0,0,,1,,0,1959-05-10,1959-05-10,0,0,0,1,0,0,0,0,0.0
1,macdowel,0,1,,0,,0,1957-07-07,1957-07-07,0,0,0,1,1,0,0,0,0.0
1,gubby,0,0,,1,,0,1965-07-10,1965-07-10,0,0,0,1,0,0,0,0,0.0
1,Cannoc,0,1,,0,,0,1971-10-03,1971-10-03,0,0,0,1,0,0,0,0,0.0
1,guelfi,0,1,,0,,0,1958-10-19,1958-10-19,0,0,0,1,0,0,0,0,0.0
1,schoeller,0,0,,0,,0,1952-08-03,1952-08-03,0,0,0,1,0,0,0,1,0.0
1,gordini,0,0,,0,,0,1951-07-01,1951-07-01,0,0,0,1,0,0,0,1,0.0
1,puzey,0,0,,1,,0,1965-01-01,1965-01-01,0,0,0,1,0,0,0,0,0.0
1,graham_whitehead,0,1,,0,,0,1952-07-19,1952-07-19,0,0,0,1,0,0,0,0,0.0
1,cade,0,0,,1,,0,1959-12-12,1959-12-12,0,0,0,1,0,0,0,0,0.0
1,riu,0,0,,0,,0,1954-09-05,1954-09-05,0,0,0,1,0,0,0,1,0.0
1,pon,0,0,,0,,0,1962-05-20,1962-05-20,0,0,0,1,0,0,0,1,0.0
1,lucienbonnet,0,0,,1,,0,1959-05-10,1959-05-10,0,0,0,1,0,0,0,0,0.0
1,scotti,0,0,,0,,0,1956-06-03,1956-06-03,0,0,0,1,0,0,0,1,0.0
1,westbury,0,0,,1,,0,1970-10-04,1970-10-04,0,0,0,1,0,0,0,0,0.0
1,grignard,0,0,,0,,0,1951-10-28,1951-10-28,0,0,0,1,0,0,0,1,0.0
1,williams,0,1,,0,,0,1967-10-22,1967-10-22,0,0,0,1,1,0,0,0,0.0
1,sospiri,0,0,,0,,0,1997-03-09,1997-03-09,0,0,0,0,0,0,0,1,0.0
1,george_amick,0,1,,0,,1,1958-05-30,1958-05-30,0,0,0,1,1,0,1,0,6.0
1,lucas,0,0,,0,,0,1955-09-11,1955-09-11,0,0,0,1,0,0,0,1,0.0
1,loyer,0,0,,0,,0,1954-01-17,1954-01-17,0,0,0,1,0,0,0,1,0.0
1,ernesto_brambilla,0,0,,1,,0,1963-09-08,1963-09-08,0,0,0,1,0,0,0,0,0.0
1,scott_Brown,0,0,,0,,0,1956-07-14,1956-07-14,0,0,0,1,0,0,0,1,0.0
1,fohr,0,1,,0,,0,1950-05-30,1950-05-30,0,0,0,1,0,0,0,0,0.0
1,george,0,0,,0,,0,1957-05-30,1957-05-30,0,0,0,1,0,0,0,1,0.0
1,constantine,0,0,,0,,0,1959-12-12,1959-12-12,0,0,0,1,0,0,0,1,0.0
1,bueno,0,1,,0,,0,1973-02-11,1973-02-11,0,0,0,1,0,0,0,0,0.0
1,mackay-fraser,0,0,,0,,0,1957-07-07,1957-07-07,0,0,0,1,0,0,0,1,0.0
1,lotterer,0,0,,0,,0,2014-08-24,2014-08-24,0,0,0,1,0,0,0,1,0.0
1,loof,0,0,,0,,0,1953-08-02,1953-08-02,0,0,0,1,0,0,0,1,0.0
1,cantrell,0,0,,0,,0,1950-05-30,1950-05-30,0,0,0,1,0,0,0,1,0.0
1,vyver,0,0,,1,,0,1962-12-29,1962-12-29,0,0,0,1,0,0,0,0,0.0
1,vos,0,0,,1,,0,1963-10-06,1963-10-06,0,0,0,1,0,0,0,0,0.0
1,picard,0,0,,0,,0,1958-10-19,1958-10-19,0,0,0,1,0,0,0,1,0.0
1,vonlanthen,0,0,,0,,0,1975-08-17,1975-08-17,0,0,0,1,0,0,0,1,0.0
1,rollinson,0,0,,1,,0,1965-07-10,1965-07-10,0,0,0,1,0,0,0,0,0.0
1,fontes,0,0,,1,,0,1959-07-05,1959-07-05,0,0,0,1,0,0,0,0,0.0
1,lof,0,0,,0,,0,1952-08-17,1952-08-17,0,0,0,1,0,0,0,1,0.0
1,desire_wilson,0,0,,1,,0,1980-07-13,1980-07-13,0,0,0,1,0,0,0,0,0.0
1,serafini,0,1,,0,,1,1950-09-03,1950-09-03,0,0,0,1,1,0,1,0,3.0
1,harris,0,0,,0,,0,1962-12-29,1962-12-29,0,0,0,1,0,0,0,1,0.0
1,vandoorne,0,1,,0,,0,2016-04-03,2016-04-03,0,0,0,1,1,0,1,0,1.0
1,dennis_taylor,0,0,,1,,0,1959-07-18,1959-07-18,0,0,0,1,0,0,0,0,0.0
1,whiteaway,0,0,,1,,0,1955-05-22,1955-05-22,0,0,0,1,0,0,0,0,0.0
1,dochnal,0,0,,1,,0,1963-10-27,1963-10-27,0,0,0,1,0,0,0,0,0.0
1,forberg,0,1,,0,,0,1951-05-30,1951-05-30,0,0,0,1,1,0,0,0,0.0
1,schroeder,0,1,,0,,0,1962-10-07,1962-10-07,0,0,0,1,1,0,0,0,0.0
1,tunmer,0,1,,0,,0,1975-03-01,1975-03-01,0,0,0,1,0,0,0,0,0.0
1,richardson,0,0,,0,,0,1951-09-16,1951-09-16,0,0,0,1,0,0,0,1,0.0
1,brudes,0,0,,0,,0,1952-08-03,1952-08-03,0,0,0,1,0,0,0,1,0.0
1,levrett,0,0,,0,,0,1950-05-30,1950-05-30,0,0,0,1,0,0,0,1,0.0
1,milhoux,0,0,,0,,0,1956-08-05,1956-08-05,0,0,0,1,0,0,0,1,0.0
1,brown,0,1,,0,,0,1976-10-10,1976-10-10,0,0,0,1,0,0,0,0,0.0
1,rhodes,0,0,,0,,0,1965-07-10,1965-07-10,0,0,0,1,0,0,0,1,0.0
1,broeker,0,1,,0,,0,1963-10-06,1963-10-06,0,0,0,1,1,0,0,0,0.0
1,leslie_johnson,0,0,,0,,0,1950-05-13,1950-05-13,0,0,0,1,0,0,0,1,0.0
1,fry,0,1,,0,,0,1950-05-13,1950-05-13,0,0,0,1,1,0,0,0,0.0
1,tom_jones,0,0,,1,,0,1967-08-27,1967-08-27,0,0,0,1,0,0,0,0,0.0
1,monarch,0,0,,1,,0,1963-10-27,1963-10-27,0,0,0,1,0,0,0,0,0.0
1,pian,0,0,,0,,0,1950-05-21,1950-05-21,0,0,0,1,0,0,0,1,0.0
1,monteverdi,0,0,,1,,0,1961-08-06,1961-08-06,0,0,0,1,0,0,0,0,0.0
1,riess,0,1,,0,,0,1952-08-03,1952-08-03,0,0,0,1,1,0,0,0,0.0
1,la_caze,0,1,,0,,0,1958-10-19,1958-10-19,0,0,0,1,0,0,0,0,0.0
1,weiler,0,1,,0,,0,1960-05-30,1960-05-30,0,0,0,1,0,0,0,0,0.0
1,larreta,0,1,,0,,0,1960-02-07,1960-02-07,0,0,0,1,1,0,0,0,0.0
1,morgan,0,1,,0,,0,1975-07-19,1975-07-19,0,0,0,1,0,0,0,0,0.0
1,adams,0,1,,0,,0,1994-09-25,1994-09-25,0,0,0,1,0,0,0,0,0.0
1,ader,0,1,,0,,0,1950-05-30,1950-05-30,0,0,0,1,0,0,0,0,0.0
1,adolff,0,0,,0,,0,1953-08-02,1953-08-02,0,0,0,1,0,0,0,1,0.0
1,titterington,0,0,,0,,0,1956-07-14,1956-07-14,0,0,0,1,0,0,0,1,0.0
1,reed,0,0,,1,,0,1965-01-01,1965-01-01,0,0,0,1,0,0,0,0,0.0
1,tingelstad,0,1,,0,,0,1960-05-30,1960-05-30,0,0,0,1,1,0,0,0,0.0
1,thorne,0,1,,0,,0,1954-07-17,1954-07-17,0,0,0,1,0,0,0,0,0.0
1,thompson,0,1,,0,,0,1952-07-19,1952-07-19,0,0,0,1,1,0,1,0,2.0
1,bridger,0,0,,0,,0,1958-10-19,1958-10-19,0,0,0,1,0,0,0,1,0.0
1,hasemi,0,1,,0,,0,1976-10-24,1976-10-24,0,0,0,1,0,0,0,0,0.0
1,nelleman,0,0,,1,,0,1976-06-13,1976-06-13,0,0,0,1,0,0,0,0,0.0
1,walter,0,1,,0,,0,1962-08-05,1962-08-05,0,0,0,1,0,0,0,0,0.0
1,klenk,0,1,,0,,0,1952-08-03,1952-08-03,0,0,0,1,0,0,0,0,0.0
1,peters,0,0,,0,,0,1952-08-03,1952-08-03,0,0,0,1,0,0,0,1,0.0
1,kladis,0,0,,0,,0,1954-05-31,1954-05-31,0,0,0,1,0,0,0,1,0.0
1,niedermayr,0,1,,0,,0,1952-08-03,1952-08-03,0,0,0,1,1,0,0,0,0.0
1,ecclestone,0,0,,1,,0,1958-05-18,1958-05-18,0,0,0,1,0,0,0,0,0.0
1,kessler,0,0,,1,,0,1958-05-18,1958-05-18,0,0,0,1,0,0,0,0,0.0
1,ryan,0,1,,0,,0,1961-10-08,1961-10-08,0,0,0,1,1,0,0,0,0.0
1,apicella,0,0,,0,,0,1993-09-12,1993-09-12,0,0,0,0,0,0,0,1,0.0
1,armi,0,1,,0,,0,1954-05-31,1954-05-31,0,0,0,1,0,0,0,0,0.0
1,arnold,0,1,,0,,0,1959-05-30,1959-05-30,0,0,0,1,0,0,0,0,0.0
1,said,0,0,,0,,0,1959-12-12,1959-12-12,0,0,0,1,0,0,0,1,0.0
1,ashdown,0,1,,0,,0,1959-07-18,1959-07-18,0,0,0,1,0,0,0,0,0.0
1,londono,0,0,,1,,0,1981-03-29,1981-03-29,0,0,0,1,0,0,0,0,0.0
1,ken_miles,0,0,,1,,0,1961-10-08,1961-10-08,0,0,0,1,0,0,0,0,0.0
1,obrien,0,1,,0,,0,1952-06-22,1952-06-22,0,0,0,1,0,0,0,0,0.0
1,england,0,0,,0,,0,1957-08-04,1957-08-04,0,0,0,1,0,0,0,1,0.0
1,kavanagh,0,0,,1,,0,1958-05-18,1958-05-18,0,0,0,1,0,0,0,0,0.0
1,cordts,0,0,,0,,0,1969-09-20,1969-09-20,0,0,0,1,0,0,0,1,0.0
1,karch,0,0,,0,,0,1953-08-02,1953-08-02,0,0,0,1,0,0,0,1,0.0
1,taramazzo,0,0,,1,,0,1958-05-18,1958-05-18,0,0,0,1,0,0,0,0,0.0
1,oscar_gonzalez,0,1,,0,,0,1956-01-22,1956-01-22,0,0,0,1,1,0,0,0,0.0
1,balsa,0,0,,0,,0,1952-08-03,1952-08-03,0,0,0,1,0,0,0,1,0.0
1,jover,0,0,,0,,0,1951-10-28,1951-10-28,0,0,0,1,0,0,0,1,0.0
1,john_james,0,0,,0,,0,1951-07-14,1951-07-14,0,0,0,1,0,0,0,1,0.0
1,takahashi,0,1,,0,,0,1977-10-23,1977-10-23,0,0,0,1,1,0,0,0,0.0
1,cruz,0,0,,0,,0,1953-01-18,1953-01-18,0,0,0,1,0,0,0,1,0.0
1,john_barber,0,1,,0,,0,1953-01-18,1953-01-18,0,0,0,1,1,0,0,0,0.0
1,johnstone,0,1,,0,,0,1962-12-29,1962-12-29,0,0,0,1,1,0,0,0,0.0
1,bassi,0,0,,0,,0,1965-09-12,1965-09-12,0,0,0,1,0,0,0,1,0.0
1,bauer,0,0,,0,,0,1953-08-02,1953-08-02,0,0,0,1,0,0,0,1,0.0
1,owen,0,0,,0,,0,1960-09-04,1960-09-04,0,0,0,1,0,0,0,1,0.0
1,heyer,0,0,,0,,0,1977-07-31,1977-07-31,0,0,0,1,0,0,0,1,0.0
1,sutcliffe,0,0,,1,,0,1977-07-16,1977-07-16,0,0,0,1,0,0,0,0,0.0
1,beauman,0,1,,0,,0,1954-07-17,1954-07-17,0,0,0,1,0,0,0,0,0.0
1,slotemaker,0,0,,1,,0,1962-05-20,1962-05-20,0,0,0,1,0,0,0,0,0.0
1,galvez,0,1,,0,,0,1953-01-18,1953-01-18,0,0,0,1,1,0,1,0,2.0
1,sarrazin,0,0,,0,,0,1999-04-11,1999-04-11,0,0,0,0,0,0,0,1,0.0
1,pagani,0,1,,0,,0,1950-06-04,1950-06-04,0,0,0,1,1,0,0,0,0.0
1,jimmy_stewart,0,0,,0,,0,1953-07-18,1953-07-18,0,0,0,1,0,0,0,1,0.0
1,jerry_unser,0,0,,0,,0,1958-05-30,1958-05-30,0,0,0,1,0,0,0,1,0.0
1,unser,0,0,,0,,0,1968-10-06,1968-10-06,0,0,0,1,0,0,0,1,0.0
1,jean,0,0,,0,,0,1971-07-04,1971-07-04,0,0,0,1,0,0,0,1,0.0
1,gamble,0,1,,0,,0,1960-09-04,1960-09-04,0,0,0,1,1,0,0,0,0.0
1,crockett,0,1,,0,,0,1954-05-31,1954-05-31,0,0,0,1,1,0,0,0,0.0
1,hart,0,0,,0,,0,1967-08-06,1967-08-06,0,0,0,1,0,0,0,1,0.0
1,creus,0,0,,0,,0,1960-02-07,1960-02-07,0,0,0,1,0,0,0,1,0.0
1,iglesias,0,0,,0,,0,1955-01-16,1955-01-16,0,0,0,1,0,0,0,1,0.0
1,ian_stewart,0,0,,0,,0,1953-07-18,1953-07-18,0,0,0,1,0,0,0,1,0.0
1,hutchison,0,0,,0,,0,1970-10-04,1970-10-04,0,0,0,1,0,0,0,1,0.0
1,bill_moss,0,0,,1,,0,1959-07-18,1959-07-18,0,0,0,1,0,0,0,0,0.0
1,crespo,0,0,,1,,0,1952-09-07,1952-09-07,0,0,0,1,0,0,0,0,0.0
1,biondetti,0,0,,0,,0,1950-09-03,1950-09-03,0,0,0,1,0,0,0,1,0.0
1,hurtubise,0,1,,0,,0,1960-05-30,1960-05-30,0,0,0,1,0,0,0,0,0.0
1,botha,0,0,,0,,0,1967-01-02,1967-01-02,0,0,0,1,0,0,0,1,0.0
1,bisch,0,0,,0,,0,1958-05-30,1958-05-30,0,0,0,1,0,0,0,1,0.0
10,henry_taylor,0,7,,2,,0,1959-07-18,1961-09-10,0,0,0,3,4,0,1,1,3.0
10,love,0,6,,1,,1,1962-12-29,1972-03-04,0,0,0,10,5,0,1,3,6.0
10,darter,0,9,,0,,1,1950-05-30,1960-05-30,0,0,0,8,5,0,3,1,6.5
10,maglioli,0,6,,0,,2,1953-09-13,1957-08-04,0,0,0,5,6,0,2,4,3.33
10,weidler,0,0,,10,,0,1989-03-26,1989-08-13,0,0,0,1,0,0,0,0,0.0
10,lavaggi,0,2,,2,,0,1995-07-30,1996-10-13,0,0,0,1,1,0,0,6,0.0
10,brise,0,6,,0,,0,1975-04-27,1975-10-05,0,0,0,1,4,0,1,4,1.0
10,parsons,0,6,1950-05-30,0,1950-05-30,1,1950-05-30,1958-05-30,0,0,0,9,3,1,2,4,12.0
10,irwin,0,5,,0,,0,1966-07-16,1967-10-22,0,0,0,2,5,0,1,5,2.0
10,beretta,0,4,,0,,0,1994-03-27,1994-08-14,0,0,0,1,3,0,0,6,0.0
10,settember,0,2,,4,,0,1962-07-21,1963-09-08,0,0,0,2,1,0,0,4,0.0
10,chiesa,0,0,,7,,0,1992-03-01,1992-07-26,0,0,0,0,0,0,0,3,0.0
100,stewart,0,63,1965-09-12,0,1973-08-05,43,1965-01-01,1973-10-07,3,17,2,9,61,27,57,37,360.0
100,siffert,0,52,1968-07-20,4,1971-08-15,6,1962-06-03,1971-10-03,0,2,0,10,45,2,20,44,68.0
103,mclaren,0,63,1959-12-12,1,1968-06-09,27,1958-08-03,1970-05-10,0,0,1,13,58,4,50,39,196.5
103,johansson,0,44,,24,,12,1980-01-13,1991-07-14,0,0,0,10,38,0,26,35,88.0
104,grosjean,1,75,,0,,10,2009-08-23,2016-11-27,0,0,0,6,40,0,40,29,316.0
106,amon,0,51,,7,,11,1963-05-26,1976-10-03,0,5,0,14,42,0,29,48,83.0
107,rosa,1,56,,1,,1,1999-03-07,2012-11-25,0,0,0,9,20,0,12,50,35.0
107,verstappen,0,49,,0,,2,1994-03-27,2003-10-12,0,0,0,8,24,0,7,58,17.0
109,ricciardo,8,97,2014-06-08,0,2016-10-02,18,2011-07-10,2016-11-27,0,1,0,6,62,4,62,12,616.0
109,bonnier,0,50,1959-05-31,4,1959-05-31,1,1956-09-02,1971-10-03,0,1,0,16,44,1,20,55,39.0
11,boullion,0,7,,0,,0,1995-05-28,1995-10-22,0,0,0,1,5,0,2,4,3.0
11,purley,0,4,,3,,0,1973-06-03,1977-07-16,0,0,0,3,1,0,0,4,0.0
11,doornbos,0,9,,0,,0,2005-07-24,2006-10-22,0,0,0,2,0,0,0,2,0.0
11,chandhok,0,9,,0,,0,2010-03-14,2011-07-24,0,0,0,2,0,0,0,2,0.0
11,friesacher,0,5,,0,,0,2005-03-06,2005-07-10,0,0,0,1,1,0,1,6,3.0
11,frere,0,5,,0,,1,1952-06-22,1956-06-03,0,0,0,5,5,0,3,6,11.0
11,lewis,0,5,,2,,0,1961-06-18,1962-08-05,0,0,0,2,5,0,1,4,3.0
11,ashley,0,2,,6,,0,1974-08-04,1977-10-09,0,0,0,4,0,0,0,3,0.0
11,bucknum,0,4,,0,,0,1964-08-02,1966-10-23,0,0,0,3,2,0,1,7,2.0
11,linden,0,5,,0,,0,1951-05-30,1957-05-30,0,0,0,7,3,0,2,6,5.0
11,walker,0,5,,0,,0,1971-06-20,1972-10-08,0,0,0,2,2,0,0,6,0.0
11,zunino,0,6,,1,,0,1979-09-30,1981-04-12,0,0,0,3,4,0,0,4,0.0
11,lovely,0,3,,4,,0,1959-05-10,1971-10-03,0,0,0,5,2,0,0,4,0.0
110,angelis,0,59,1982-08-15,2,1985-05-05,9,1979-01-21,1986-05-11,0,3,0,8,54,2,43,49,122.0
111,salo,0,64,,1,,2,1994-11-06,2002-10-13,0,0,0,8,48,0,16,46,33.0
111,ghinzani,0,20,,35,,0,1981-05-17,1989-11-05,0,0,0,8,8,0,1,56,2.0
112,hulme,0,78,1967-05-07,0,1974-01-13,33,1965-05-30,1974-10-06,1,1,0,10,72,8,61,34,248.0
112,kovalainen,2,91,2008-08-03,0,2008-08-03,4,2007-03-18,2013-11-24,0,1,0,7,36,1,29,21,105.0
112,surtees,0,54,1963-08-04,0,1967-09-10,24,1960-05-29,1972-09-10,1,8,1,13,50,6,40,58,180.0
113,scheckter,0,77,1974-06-09,1,1979-09-09,33,1972-10-08,1980-10-05,1,3,1,9,68,10,53,35,255.0
114,mass,0,64,1975-04-27,8,1975-04-27,8,1973-07-14,1982-07-25,0,0,0,9,48,1,28,42,71.0
115,alliot,0,44,,6,,0,1984-03-25,1994-08-28,0,0,0,9,26,0,6,65,7.0
115,perez,3,100,,0,,7,2011-03-27,2016-11-27,0,0,0,6,63,0,63,15,367.0
117,jones,0,68,1977-08-14,0,1981-10-17,24,1975-04-27,1986-10-26,1,6,0,10,54,12,39,49,206.0
117,hulkenberg,2,97,,0,,0,2010-03-14,2016-11-27,0,1,0,6,66,0,66,20,362.0
12,gavin,0,4,,1,,1,1967-05-07,1970-05-10,0,0,0,4,4,0,3,7,9.0
12,follmer,0,7,,0,,1,1973-03-03,1973-10-07,0,0,0,1,4,0,2,5,5.0
12,schuppan,0,4,,3,,0,1974-05-12,1977-08-28,0,0,0,3,1,0,0,5,0.0
12,fabre,0,8,,1,,0,1987-04-12,1987-09-27,0,0,0,1,3,0,0,3,0.0
12,whitehead,0,5,,1,,1,1950-05-21,1954-07-17,0,0,0,5,5,0,1,6,4.0
12,hall,0,8,,1,,0,1960-11-20,1963-10-27,0,0,0,4,7,0,2,3,3.0
12,etancelin,0,6,,0,,0,1950-05-13,1952-07-06,0,0,0,3,6,0,2,6,3.0
12,rathmann,0,9,1960-05-30,0,1960-05-30,4,1950-05-30,1960-05-30,0,0,0,10,6,1,5,3,29.0
12,mairesse,0,3,,0,,1,1960-06-19,1963-08-04,0,0,0,4,3,0,2,9,7.0
12,lees,0,3,,7,,0,1978-07-16,1982-07-25,0,0,0,4,1,0,0,2,0.0
12,ward,0,4,1959-05-30,0,1959-05-30,2,1951-05-30,1963-10-06,0,0,0,11,3,1,2,8,14.0
12,evans,0,5,,2,,0,1975-03-01,1976-07-18,0,0,0,2,2,0,0,5,0.0
12,simon,0,4,,1,,0,1951-07-01,1957-09-08,0,0,0,5,3,0,0,7,0.0
12,haryanto,0,9,,0,,0,2016-03-20,2016-07-31,0,0,0,1,0,0,0,3,0.0
12,marimon,0,3,,0,,2,1951-07-01,1954-08-01,0,0,0,3,3,0,2,9,8.14
12,kling,0,6,,0,,2,1954-07-04,1955-09-11,0,0,0,2,6,0,5,6,17.0
12,menditeguy,0,4,,0,,1,1953-01-18,1960-02-07,0,0,0,7,4,0,3,8,9.0
121,ickx,0,66,1968-07-07,6,1972-07-30,25,1967-08-06,1979-10-07,0,13,2,13,56,8,40,49,181.0
122,tambay,0,57,1982-08-08,5,1983-05-01,11,1977-07-03,1986-10-26,0,5,0,9,52,2,32,60,103.0
122,damon_hill,0,77,1993-08-15,6,1998-08-30,42,1992-05-03,1999-10-31,1,20,2,8,70,22,56,39,360.0
123,peterson,0,71,1973-07-01,0,1978-08-13,26,1970-05-10,1978-09-10,0,14,2,9,60,10,42,52,206.0
123,martini,0,55,,4,,0,1984-09-09,1995-07-30,0,0,0,10,37,0,10,64,18.0
128,keke_rosberg,0,59,1982-08-29,14,1985-11-03,17,1978-03-04,1986-10-26,1,5,0,9,52,5,38,55,159.5
128,sutil,1,89,,0,,0,2007-03-18,2014-11-23,0,0,0,7,30,0,28,39,124.0
129,jack_brabham,0,73,1959-05-10,1,1970-03-07,31,1955-07-16,1970-10-25,3,13,1,16,67,14,53,55,261.0
129,mario_andretti,0,62,1971-03-06,1,1978-08-27,19,1968-10-06,1982-09-25,1,18,0,14,55,12,38,66,180.0
13,fairman,0,3,,0,,0,1953-07-18,1961-09-10,0,0,0,8,3,0,2,10,5.0
13,elford,0,8,,0,,0,1968-07-07,1971-08-01,0,0,0,3,7,0,4,5,8.0
13,andretti,0,6,,0,,1,1993-03-14,1993-09-12,0,0,0,1,5,0,3,7,7.0
13,eaton,0,4,,2,,0,1969-10-05,1971-09-19,0,0,0,3,1,0,0,7,0.0
13,chaves,0,0,,13,,0,1991-03-10,1991-09-22,0,0,0,1,0,0,0,0,0.0
13,charlton,0,3,,2,,0,1965-01-01,1975-03-01,0,0,0,9,0,0,0,8,0.0
13,merhi,0,12,,0,,0,2015-03-29,2015-11-29,0,0,0,1,0,0,0,1,0.0
13,cabantous,0,8,,0,,0,1950-05-13,1953-09-13,0,0,0,4,6,0,2,5,5.0
13,seidel,0,3,,3,,0,1953-08-02,1962-08-05,0,0,0,5,1,0,0,7,0.0
13,redman,0,7,,1,,1,1968-01-01,1974-05-26,0,0,0,5,6,0,3,5,8.0
13,ligier,0,6,,1,,0,1966-05-22,1967-10-22,0,0,0,2,5,0,1,6,1.0
13,opel,0,4,,2,,0,1973-07-01,1974-07-07,0,0,0,2,2,0,0,7,0.0
13,neve,0,8,,3,,0,1976-05-16,1977-10-09,0,0,0,2,4,0,0,2,0.0
13,stohr,0,3,,4,,0,1981-03-15,1981-09-13,0,0,0,1,2,0,0,6,0.0
13,scarfiotti,0,6,1966-09-04,3,1966-09-04,1,1963-06-09,1968-05-26,0,0,0,6,6,1,5,4,17.0
13,bettenhausen,0,8,,0,,1,1950-05-30,1960-05-30,0,0,0,11,5,0,4,5,11.0
138,regazzoni,0,83,1970-09-06,7,1979-07-14,28,1970-06-21,1980-03-30,0,5,1,11,71,5,52,48,212.0
14,godia,0,8,,1,,0,1951-10-28,1958-07-06,0,0,0,5,8,0,2,5,6.0
14,pantano,0,6,,0,,0,2004-03-07,2004-09-12,0,0,0,1,0,0,0,8,0.0
14,bell,0,2,,5,,0,1968-09-08,1974-09-22,0,0,0,6,1,0,1,7,1.0
14,langes,0,0,,14,,0,1990-03-11,1990-09-30,0,0,0,1,0,0,0,0,0.0
14,firman,0,8,,0,,0,2003-03-09,2003-10-12,0,0,0,1,2,0,1,6,1.0
14,lewis-evans,0,6,,0,,2,1957-05-19,1958-10-19,0,2,0,2,6,0,5,8,16.0
14,villota,0,2,,12,,0,1976-05-02,1982-07-03,0,0,0,4,0,0,0,0,0.0
143,cheever,0,55,,11,,9,1978-01-15,1989-11-05,0,0,0,11,43,0,25,77,70.0
143,jarier,0,63,,5,,3,1971-09-05,1983-10-15,0,3,0,12,43,0,14,75,31.5
146,reutemann,0,97,1974-03-30,0,1981-05-17,45,1972-01-23,1982-03-21,0,6,1,11,86,12,66,49,310.0
147,irvine,0,85,1999-03-07,0,1999-10-17,26,1993-10-24,2002-10-13,0,0,1,10,76,4,50,62,191.0
149,emerson_fittipaldi,0,94,1970-10-04,4,1975-07-19,35,1970-07-18,1980-10-05,2,6,2,11,76,14,57,51,281.0
15,andre_pilette,0,7,,6,,0,1951-06-17,1964-08-02,0,0,0,7,5,0,1,2,2.0
15,binder,0,6,,2,,0,1976-08-15,1978-08-13,0,0,0,3,2,0,0,7,0.0
15,migault,0,4,,1,,0,1972-08-13,1975-07-06,0,0,0,3,0,0,0,10,0.0
15,arundell,0,8,,4,,2,1962-07-08,1966-10-23,0,0,0,4,8,0,4,3,12.0
15,scarlatti,0,5,,3,,0,1956-05-13,1961-07-02,0,0,0,6,4,0,1,7,1.0
15,borgudd,0,6,,5,,0,1981-05-03,1982-04-04,0,0,0,2,4,0,1,4,1.0
15,miles,0,4,,3,,0,1969-07-06,1970-09-06,0,0,0,2,4,0,1,8,2.0
15,perkins,0,5,,4,,0,1974-08-04,1977-07-03,0,0,0,3,1,0,0,6,0.0
15,barilla,0,4,,6,,0,1989-10-22,1990-09-30,0,0,0,2,0,0,0,5,0.0
15,flockhart,0,5,,2,,1,1954-07-17,1960-11-20,0,0,0,6,4,0,2,8,5.0
15,sullivan,0,7,,0,,0,1983-03-13,1983-10-15,0,0,0,1,3,0,1,8,2.0
15,donnelly,0,6,,1,,0,1989-07-09,1990-09-30,0,0,0,2,3,0,0,8,0.0
15,donohue,0,8,,0,,1,1971-09-19,1975-08-17,0,0,0,3,6,0,3,7,8.0
15,burti,0,9,,0,,0,2000-07-16,2001-09-02,0,0,0,2,4,0,0,6,0.0
15,macklin,0,5,,2,,0,1952-05-18,1955-07-16,0,0,0,4,3,0,0,8,0.0
154,watson,0,90,1976-08-15,2,1983-03-27,20,1973-07-14,1985-10-06,0,2,0,12,75,5,47,62,169.0
158,panis,0,99,1996-05-19,0,1996-05-19,5,1994-03-27,2004-10-10,0,0,0,10,65,1,29,59,76.0
159,frentzen,0,96,1997-04-27,2,1999-09-12,18,1994-03-27,2003-10-12,0,2,1,10,82,3,56,61,174.0
16,wharton,0,8,,0,,0,1952-05-18,1955-09-11,0,0,0,4,8,0,1,8,3.0
16,wilson,0,7,,0,,0,2003-03-09,2003-10-12,0,0,0,1,1,0,1,9,1.0
16,edwards,0,8,,5,,0,1974-01-13,1977-07-16,0,0,0,3,2,0,0,3,0.0
16,dumfries,0,6,,1,,0,1986-03-23,1986-10-26,0,0,0,1,6,0,2,9,3.0
16,tuero,0,4,,0,,0,1998-03-08,1998-11-01,0,0,0,1,1,0,0,12,0.0
16,yoong,0,6,,1,,0,2001-09-16,2002-10-13,0,0,0,2,2,0,0,9,0.0
162,senna,0,108,1985-04-21,1,1993-11-07,80,1984-03-25,1994-05-01,3,65,2,11,104,41,96,53,614.0
162,warwick,0,67,,14,,4,1981-05-03,1993-11-07,0,0,0,11,55,0,30,81,71.0
164,boutsen,0,97,1989-06-18,1,1990-08-12,15,1983-05-22,1993-08-29,0,1,0,11,79,3,41,66,132.0
164,arnoux,0,82,1980-01-27,15,1983-08-28,22,1978-03-04,1989-11-05,0,18,0,12,68,7,42,67,181.0
165,brundle,0,83,,7,,9,1984-03-25,1996-10-13,0,0,0,12,69,0,39,75,98.0
165,herbert,0,90,1995-07-16,3,1999-09-26,7,1989-03-26,2000-10-22,0,0,0,12,70,3,29,72,98.0
165,villeneuve,0,108,1996-04-28,0,1997-09-28,23,1996-03-10,2006-07-30,1,13,1,11,86,11,53,57,235.0
165,hakkinen,0,103,1997-10-26,2,2001-09-30,51,1991-03-10,2001-10-14,2,26,1,11,96,20,83,60,420.0
17,gabbiani,0,0,,14,,0,1978-10-01,1981-10-17,0,0,0,2,0,0,0,3,0.0
17,galli,0,7,,1,,0,1970-09-06,1973-06-03,0,0,0,4,1,0,0,9,0.0
17,raphanel,0,0,,16,,0,1988-11-13,1989-11-05,0,0,0,2,0,0,0,1,0.0
17,gendebien,0,11,,3,,2,1956-01-22,1961-10-08,0,0,0,5,9,0,5,3,18.0
17,chiron,0,7,,2,,1,1950-05-13,1958-05-18,0,0,0,6,6,0,1,8,4.0
17,castellotti,0,8,,0,,3,1955-01-16,1957-01-13,0,3,0,3,8,0,5,9,19.5
17,bonetto,0,9,,0,,2,1950-06-04,1953-09-13,0,1,0,4,9,0,8,8,17.5
17,attwood,0,12,,0,,1,1964-07-11,1969-05-18,0,0,0,5,8,0,4,5,11.0
17,lombardi,0,7,,4,,0,1974-07-20,1976-08-15,0,0,0,3,2,0,1,6,0.5
17,mieres,0,8,,0,,0,1953-06-07,1955-09-11,0,0,0,3,8,0,5,9,13.0
17,mcnish,0,8,,0,,0,2002-03-03,2002-10-13,0,0,0,1,4,0,0,9,0.0
174,lauda,0,91,1974-04-28,2,1985-08-25,54,1971-08-15,1985-11-03,3,24,1,13,81,25,73,81,420.5
179,vettel,28,153,2008-09-14,0,2015-09-20,86,2007-06-17,2016-11-27,4,46,1,10,142,42,141,26,2108.0
179,hill,0,102,1962-05-20,3,1969-05-18,36,1958-05-18,1975-05-11,2,13,3,18,86,14,59,74,289.0
18,moser,0,4,,6,,0,1967-07-15,1971-09-05,0,0,0,5,3,0,2,8,3.0
18,allison,0,10,,2,,1,1958-05-18,1961-06-18,0,0,0,4,10,0,3,6,11.0
18,taruffi,0,12,1952-05-18,1,1952-05-18,5,1950-09-03,1956-09-02,0,0,0,6,12,1,9,5,41.0
18,inoue,0,5,,0,,0,1994-11-06,1995-11-12,0,0,0,2,2,0,0,13,0.0
18,bruni,0,9,,0,,0,2004-03-07,2004-10-24,0,0,0,1,0,0,0,9,0.0
18,gould,0,5,,3,,0,1954-07-17,1960-09-04,0,0,0,6,4,0,1,10,2.0
180,ralf_schumacher,1,122,2001-04-15,0,2003-07-06,27,1997-03-09,2007-10-21,0,6,0,11,105,6,90,58,329.0
180,laffite,0,94,1977-06-19,3,1981-09-27,32,1974-08-04,1986-07-13,0,7,0,13,80,6,59,83,228.0
184,heidfeld,2,138,,0,,13,2000-03-12,2011-07-31,0,1,0,12,101,0,70,46,259.0
188,hamilton,31,165,2007-06-10,0,2016-11-27,104,2007-03-18,2016-11-27,3,61,2,10,155,53,152,23,2247.0
19,garde,0,16,,0,,0,2013-03-17,2013-11-24,0,0,0,1,0,0,0,3,0.0
19,stevens,0,16,,1,,0,2014-11-23,2015-11-29,0,0,0,2,0,0,0,2,0.0
19,bianchi,0,6,,2,,1,1959-05-10,1968-11-03,0,0,0,7,4,0,3,11,6.0
19,bira,0,10,,0,,0,1950-05-13,1954-10-24,0,0,0,5,8,0,3,9,8.0
19,grassi,0,10,,0,,0,2010-03-14,2010-11-14,0,0,0,1,0,0,0,9,0.0
19,corrado_fabi,0,3,,6,,0,1983-03-13,1984-07-22,0,0,0,2,2,0,0,10,0.0
192,mansell,0,98,1985-10-06,4,1994-11-13,59,1980-08-17,1995-05-14,1,32,3,15,90,31,82,90,482.0
2,ahrens,0,1,,0,,0,1967-08-06,1968-08-04,0,0,0,2,0,0,0,1,0.0
2,francia,0,0,,2,,0,1977-09-11,1981-06-21,0,0,0,2,0,0,0,0,0.0
2,rees,0,2,,0,,0,1967-07-15,1967-08-06,0,0,0,1,2,0,0,0,0.0
2,bechem,0,0,,0,,0,1952-08-03,1953-08-02,0,0,0,2,0,0,0,2,0.0
2,mcwithey,0,2,,0,,0,1959-05-30,1960-05-30,0,0,0,2,0,0,0,0,0.0
2,lang,0,1,,0,,0,1953-08-23,1954-08-01,0,0,0,2,1,0,1,1,2.0
2,fushida,0,0,,2,,0,1975-06-22,1975-07-19,0,0,0,1,0,0,0,0,0.0
2,mccoy,0,2,,0,,0,1953-05-30,1954-05-31,0,0,0,2,1,0,0,0,0.0
2,natili,0,0,,1,,0,1961-07-15,1961-09-10,0,0,0,1,0,0,0,1,0.0
2,daponte,0,1,,0,,0,1954-01-17,1954-09-05,0,0,0,1,0,0,0,1,0.0
2,lagorce,0,1,,0,,0,1994-11-06,1994-11-13,0,0,0,1,0,0,0,1,0.0
2,ruby,0,1,,0,,0,1960-05-30,1961-10-08,0,0,0,2,1,0,0,1,0.0
2,crossley,0,1,,0,,0,1950-05-13,1950-06-18,0,0,0,1,1,0,0,1,0.0
2,fitch,0,1,,0,,0,1953-09-13,1955-09-11,0,0,0,2,1,0,0,1,0.0
2,toshio_suzuki,0,2,,0,,0,1993-10-24,1993-11-07,0,0,0,1,0,0,0,0,0.0
2,fisher,0,1,,0,,0,1967-08-27,1967-10-22,0,0,0,1,0,0,0,1,0.0
2,jackson,0,1,,0,,0,1950-05-30,1954-05-31,0,0,0,2,0,0,0,1,0.0
2,abecassis,0,0,,0,,0,1951-05-27,1952-05-18,0,0,0,2,0,0,0,2,0.0
2,rooyen,0,0,,0,,0,1968-01-01,1969-03-01,0,0,0,2,0,0,0,2,0.0
2,martin,0,0,,0,,0,1950-05-13,1950-06-04,0,0,0,1,0,0,0,2,0.0
2,takahara,0,1,,0,,0,1976-10-24,1977-10-23,0,0,0,2,1,0,0,1,0.0
2,garrett,0,1,,0,,0,1956-05-30,1958-05-30,0,0,0,2,0,0,0,1,0.0
2,james,0,1,,0,,0,1951-05-30,1952-05-30,0,0,0,2,0,0,0,1,0.0
2,tomaso,0,1,,0,,0,1957-01-13,1959-12-12,0,0,0,2,1,0,0,1,0.0
2,scarborough,0,1,,0,,0,1951-05-30,1953-05-30,0,0,0,2,0,0,0,1,0.0
2,georges_berger,0,0,,0,,0,1953-06-21,1954-07-04,0,0,0,2,0,0,0,2,0.0
2,gary_brabham,0,0,,2,,0,1990-03-11,1990-03-25,0,0,0,1,0,0,0,0,0.0
2,craft,0,0,,1,,0,1971-09-19,1971-10-03,0,0,0,1,0,0,0,1,0.0
2,kuhnke,0,0,,2,,0,1962-09-16,1963-08-04,0,0,0,2,0,0,0,0,0.0
2,crook,0,1,,0,,0,1952-07-19,1953-07-18,0,0,0,2,0,0,0,1,0.0
2,larrousse,0,0,,1,,0,1974-05-12,1974-07-07,0,0,0,1,0,0,0,1,0.0
2,prophet,0,1,,0,,0,1963-12-28,1965-01-01,0,0,0,2,0,0,0,1,0.0
2,marr,0,1,,0,,0,1954-07-17,1955-07-16,0,0,0,2,0,0,0,1,0.0
2,miller,0,0,,0,,0,1951-05-30,1952-05-30,0,0,0,2,0,0,0,2,0.0
2,prinoth,0,0,,2,,0,1961-09-10,1962-09-16,0,0,0,2,0,0,0,0,0.0
2,crawford,0,1,,0,,0,1975-07-19,1975-09-07,0,0,0,1,0,0,0,1,0.0
2,klodwig,0,2,,0,,0,1952-08-03,1953-08-02,0,0,0,2,0,0,0,0,0.0
2,emery,0,0,,1,,0,1956-07-14,1958-05-18,0,0,0,2,0,0,0,1,0.0
2,williamson,0,0,,0,,0,1973-07-14,1973-07-29,0,0,0,1,0,0,0,2,0.0
2,larson,0,1,,0,,0,1958-05-30,1959-05-30,0,0,0,2,1,0,0,1,0.0
2,dempsey_wilson,0,1,,0,,0,1958-05-30,1960-05-30,0,0,0,2,0,0,0,1,0.0
2,posey,0,1,,0,,0,1971-10-03,1972-10-08,0,0,0,2,0,0,0,1,0.0
2,comotti,0,1,,0,,0,1950-09-03,1952-07-06,0,0,0,2,0,0,0,1,0.0
2,amick,0,1,,0,,0,1959-05-30,1960-05-30,0,0,0,2,0,0,0,1,0.0
2,force,0,1,,0,,0,1951-05-30,1960-05-30,0,0,0,2,0,0,0,1,0.0
2,kozarowitzky,0,0,,2,,0,1977-06-19,1977-07-16,0,0,0,1,0,0,0,0,0.0
2,poore,0,2,,0,,0,1952-07-19,1952-09-07,0,0,0,1,1,0,1,0,3.0
2,rahal,0,1,,0,,0,1978-10-01,1978-10-08,0,0,0,1,0,0,0,1,0.0
2,laurent,0,2,,0,,0,1952-06-22,1952-08-03,0,0,0,1,1,0,0,0,0.0
2,wietzes,0,0,,0,,0,1967-08-27,1974-09-22,0,0,0,1,0,0,0,2,0.0
2,grim,0,1,,0,,0,1959-05-30,1960-05-30,0,0,0,2,0,0,0,1,0.0
2,schlesser,0,1,,1,,0,1983-04-17,1988-09-11,0,0,0,2,0,0,0,0,0.0
2,thiele,0,0,,1,,0,1960-09-04,1961-09-10,0,0,0,2,0,0,0,1,0.0
2,magee,0,1,,1,,0,1975-06-08,1976-07-04,0,0,0,2,0,0,0,0,0.0
2,gibson,0,0,,0,,0,1957-08-04,1958-08-03,0,0,0,2,0,0,0,2,0.0
2,krause,0,1,,0,,0,1952-08-03,1953-08-02,0,0,0,2,0,0,0,1,0.0
2,testut,0,0,,2,,0,1958-05-18,1959-05-10,0,0,0,2,0,0,0,0,0.0
2,pirocchi,0,1,,1,,0,1961-08-06,1961-09-10,0,0,0,1,0,0,0,0,0.0
2,niemann,0,1,,1,,0,1963-12-28,1965-01-01,0,0,0,2,0,0,0,0,0.0
2,needell,0,0,,1,,0,1980-05-04,1980-05-18,0,0,0,1,0,0,0,1,0.0
2,forini,0,0,,0,,0,1987-09-06,1987-09-20,0,0,0,1,0,0,0,2,0.0
2,kelly,0,0,,0,,0,1950-05-13,1951-07-14,0,0,0,2,0,0,0,2,0.0
2,mike_taylor,0,0,,0,,0,1959-07-18,1960-06-19,0,0,0,2,0,0,0,2,0.0
2,nuckey,0,1,,0,,0,1953-08-02,1954-07-17,0,0,0,2,0,0,0,1,0.0
2,hampshire,0,1,,0,,0,1950-05-13,1950-07-02,0,0,0,1,1,0,0,1,0.0
2,lawrence,0,1,,0,,0,1966-07-16,1966-08-07,0,0,0,1,0,0,0,1,0.0
2,seiffert,0,0,,2,,0,1962-08-05,1963-09-08,0,0,0,2,0,0,0,0,0.0
2,abate,0,0,,2,,0,1962-07-08,1963-09-08,0,0,0,2,0,0,0,0,0.0
2,walt_brown,0,1,,0,,0,1950-05-30,1951-05-30,0,0,0,2,0,0,0,1,0.0
2,terra,0,1,,0,,0,1952-05-18,1953-08-23,0,0,0,2,1,0,0,1,0.0
2,shawe_taylor,0,2,,0,,0,1950-05-13,1951-07-14,0,0,0,2,2,0,0,0,0.0
2,branson,0,1,,0,,0,1959-05-30,1960-05-30,0,0,0,2,1,0,1,1,3.0
2,wallard,0,2,1951-05-30,0,1951-05-30,1,1950-05-30,1951-05-30,0,0,0,2,2,1,1,0,9.0
2,hattori,0,0,,2,,0,1991-10-20,1991-11-03,0,0,0,1,0,0,0,0,0.0
2,louveau,0,0,,0,,0,1950-09-03,1951-05-27,0,0,0,2,0,0,0,2,0.0
2,downing,0,1,,0,,0,1952-07-19,1952-08-17,0,0,0,1,1,0,0,1,0.0
2,heeks,0,0,,0,,0,1952-08-03,1953-08-02,0,0,0,2,0,0,0,2,0.0
2,driver,0,0,,1,,0,1963-12-28,1974-03-30,0,0,0,2,0,0,0,1,0.0
2,rose,0,1,,0,,1,1950-05-30,1951-05-30,0,0,0,2,1,0,1,1,4.0
2,hellings,0,1,,0,,0,1950-05-30,1951-05-30,0,0,0,2,0,0,0,1,0.0
2,green,0,1,,0,,0,1950-05-30,1951-05-30,0,0,0,2,1,0,1,1,3.0
2,vic_wilson,0,0,,1,,0,1960-09-04,1966-06-12,0,0,0,2,0,0,0,1,0.0
2,uria,0,1,,0,,0,1955-01-16,1956-01-22,0,0,0,2,1,0,0,1,0.0
2,nicholson,0,1,,1,,0,1974-07-20,1975-07-19,0,0,0,2,0,0,0,0,0.0
2,cogan,0,0,,2,,0,1980-09-28,1981-03-15,0,0,0,2,0,0,0,0,0.0
2,ball,0,1,,0,,0,1951-05-30,1952-05-30,0,0,0,2,1,0,1,1,2.0
2,penske,0,2,,0,,0,1961-10-08,1962-10-07,0,0,0,2,2,0,0,0,0.0
2,pease,0,0,,0,,0,1967-08-27,1969-09-20,0,0,0,1,0,0,0,2,0.0
2,ulmen,0,1,,0,,0,1952-05-18,1952-08-03,0,0,0,1,1,0,0,1,0.0
2,blokdyk,0,1,,1,,0,1963-12-28,1965-01-01,0,0,0,2,0,0,0,0,0.0
2,holland,0,2,,0,,1,1950-05-30,1953-05-30,0,0,0,2,1,0,1,0,6.0
2,holmes,0,1,,0,,0,1950-05-30,1953-05-30,0,0,0,2,0,0,0,1,0.0
2,jo_schlesser,0,0,,0,,0,1967-08-06,1968-07-07,0,0,0,2,0,0,0,2,0.0
2,hoshino,0,1,,0,,0,1976-10-24,1977-10-23,0,0,0,2,0,0,0,1,0.0
2,legat,0,1,,0,,0,1952-06-22,1953-06-21,0,0,0,2,0,0,0,1,0.0
2,birger,0,0,,0,,0,1953-01-18,1955-01-16,0,0,0,2,0,0,0,2,0.0
2,flinterman,0,1,,0,,0,1952-08-17,1952-08-17,0,0,0,1,1,0,0,1,0.0
2,starrabba,0,0,,1,,0,1961-09-10,1963-09-08,0,0,0,2,0,0,0,1,0.0
2,andrews,0,0,,0,,0,1955-05-30,1956-05-30,0,0,0,2,0,0,0,2,0.0
2,schiller,0,0,,1,,0,1962-06-17,1962-08-05,0,0,0,1,0,0,0,1,0.0
2,palm,0,1,,1,,0,1975-05-11,1975-06-08,0,0,0,1,1,0,0,0,0.0
20,ambrosio,0,17,,0,,0,2011-03-27,2012-09-09,0,0,0,2,0,0,0,3,0.0
20,baumgartner,0,12,,0,,0,2003-08-24,2004-10-24,0,0,0,2,3,0,1,8,1.0
20,ribeiro,0,6,,10,,0,1976-10-10,1979-10-07,0,0,0,3,2,0,0,4,0.0
20,barbazza,0,3,,12,,0,1991-04-28,1993-07-04,0,0,0,2,2,0,2,5,2.0
20,pizzonia,0,11,,0,,0,2003-03-09,2005-10-16,0,0,0,3,8,0,4,9,8.0
20,ian_scheckter,0,4,,2,,0,1974-03-30,1977-10-09,0,0,0,4,1,0,0,14,0.0
20,hesnault,0,5,,1,,0,1984-03-25,1985-08-04,0,0,0,2,5,0,0,14,0.0
20,herrmann,0,9,,3,,1,1953-08-02,1961-08-06,0,0,0,8,7,0,5,8,10.0
20,bailey,0,5,,13,,0,1988-04-03,1991-05-12,0,0,0,2,2,0,1,2,1.0
202,prost,0,143,1981-07-05,1,1993-07-25,106,1980-01-13,1993-11-07,4,33,4,13,138,51,128,58,798.5
202,alesi,0,119,1995-06-11,0,1995-06-11,32,1989-07-09,2001-10-14,0,2,0,13,106,1,70,83,241.0
206,rosberg,20,177,2012-04-15,0,2016-10-09,57,2006-03-12,2016-11-27,1,30,2,11,144,23,133,29,1594.5
207,piquet,0,122,1980-03-30,3,1991-06-02,60,1978-07-30,1991-11-03,3,24,1,14,115,23,100,82,485.5
21,wehrlein,0,16,,0,,0,2016-03-20,2016-11-27,0,0,0,1,1,0,1,5,1.0
21,larrauri,0,2,,13,,0,1988-04-03,1989-11-05,0,0,0,2,0,0,0,6,0.0
21,yamamoto,0,14,,0,,0,2006-07-30,2010-10-24,0,0,0,3,0,0,0,7,0.0
21,jolyon_palmer,0,15,,0,,0,2016-03-20,2016-11-27,0,0,0,1,1,0,1,6,1.0
21,campos,0,2,,4,,0,1987-04-12,1988-06-12,0,0,0,2,0,0,0,15,0.0
21,mazzacane,0,13,,0,,0,2000-03-12,2001-04-15,0,0,0,2,3,0,0,8,0.0
210,berger,0,124,1986-10-12,0,1997-07-27,48,1984-08-19,1997-10-26,0,12,0,14,112,10,94,86,385.0
214,cesaris,0,71,,6,,5,1980-09-28,1994-10-16,0,1,0,15,52,0,22,137,59.0
215,alboreto,0,102,1982-09-25,21,1985-08-04,23,1981-05-03,1994-11-13,0,2,1,14,74,5,47,92,186.5
217,webber,18,160,2009-07-12,0,2012-07-08,42,2002-03-03,2013-11-24,0,13,0,12,132,9,112,57,1047.5
22,bellof,0,7,,2,,0,1984-03-25,1985-08-25,0,0,0,2,4,0,2,13,4.0
22,foitek,0,2,,15,,0,1989-03-26,1990-08-12,0,0,0,2,1,0,0,5,0.0
23,cecotto,0,7,,5,,0,1983-03-13,1984-07-22,0,0,0,2,3,0,1,11,1.0
23,wisell,0,8,,0,,1,1970-10-04,1974-06-09,0,0,0,5,7,0,5,15,13.0
23,graffenried,0,12,,1,,0,1950-05-13,1956-09-02,0,0,0,6,11,0,4,10,9.0
231,fisichella,1,162,2003-04-06,1,2006-03-19,19,1996-03-10,2009-11-01,0,4,0,14,112,3,73,68,275.0
24,davidson,0,14,,0,,0,2002-08-18,2008-04-27,0,0,0,2,0,0,0,10,0.0
247,coulthard,0,169,1995-09-24,0,2003-03-09,62,1994-05-29,2008-11-02,0,12,1,15,146,13,121,78,535.0
25,claes,0,13,,2,,0,1950-05-13,1955-06-19,0,0,0,5,6,0,0,10,0.0
25,magnussen,0,9,,0,,0,1995-10-22,1998-06-07,0,0,0,3,6,0,1,16,1.0
252,massa,15,212,2006-08-27,1,2008-11-02,41,2002-03-03,2016-11-27,0,16,1,14,174,11,152,39,1124.0
253,raikkonen,39,198,2003-03-23,0,2013-03-17,84,2001-03-04,2016-11-27,1,16,2,14,183,20,171,55,1360.0
256,trulli,1,170,2004-05-23,0,2004-05-23,11,1997-03-09,2011-11-27,0,4,0,15,106,1,72,86,246.5
257,patrese,0,126,1982-05-23,0,1992-10-25,37,1977-05-22,1993-11-07,0,8,1,17,108,6,73,131,281.0
26,musso,0,14,1956-01-22,0,1956-01-22,7,1953-09-13,1958-07-06,0,0,0,6,14,1,9,12,45.0
26,anderson,0,15,,1,,1,1963-07-20,1967-07-15,0,0,0,5,11,0,4,10,8.0
26,burgess,0,9,,10,,0,1958-07-19,1963-09-08,0,0,0,6,3,0,0,7,0.0
26,marques,0,10,,2,,0,1996-03-31,2001-09-02,0,0,0,2,3,0,0,14,0.0
26,baghetti,0,10,1961-07-02,5,1961-07-02,1,1961-07-02,1967-09-10,0,0,0,7,8,1,3,11,14.0
27,bourdais,0,20,,0,,0,2008-03-16,2009-07-12,0,0,0,2,7,0,4,7,6.0
27,maggs,0,18,,2,,3,1961-07-15,1965-01-01,0,0,0,5,15,0,9,7,26.0
27,belmondo,0,5,,19,,0,1992-03-01,1994-11-13,0,0,0,2,1,0,0,3,0.0
274,alonso,21,228,2003-08-24,0,2013-05-12,97,2001-03-04,2016-11-27,2,22,3,15,195,32,188,46,1832.0
28,trips,0,19,1961-05-22,1,1961-07-15,6,1956-09-02,1961-09-10,0,1,1,6,18,2,14,8,56.0
28,speed,0,17,,0,,0,2006-03-12,2007-07-22,0,0,0,2,4,0,0,11,0.0
28,piquet_jr,0,17,,0,,1,2008-03-16,2009-07-26,0,0,0,2,7,0,5,11,19.0
28,montermini,0,4,,1,,0,1994-05-29,1996-07-14,0,0,0,3,3,0,0,23,0.0
28,rothengatter,0,6,,2,,0,1984-06-17,1986-10-26,0,0,0,3,5,0,0,20,0.0
28,matta,0,20,,0,,0,2003-03-09,2004-07-25,0,0,0,2,11,0,5,8,13.0
29,ertl,0,11,,10,,0,1975-08-03,1980-08-10,0,0,0,5,6,0,0,8,0.0
29,bernoldi,0,9,,1,,0,2001-03-04,2002-07-28,0,0,0,2,3,0,0,19,0.0
29,courage,0,9,,1,,2,1967-01-02,1970-06-21,0,0,0,4,9,0,6,19,20.0
29,manzon,0,11,,1,,2,1950-05-21,1956-09-02,0,0,0,7,10,0,5,17,16.0
29,poele,0,3,,24,,0,1991-03-10,1992-09-13,0,0,0,2,2,0,0,2,0.0
29,guerrero,0,5,,7,,0,1982-01-23,1983-09-25,0,0,0,2,1,0,0,17,0.0
29,gonzalez,0,19,1951-07-14,0,1954-07-17,15,1950-05-21,1960-02-07,0,3,1,9,19,2,19,10,77.64
29,trevor_taylor,0,12,,2,,1,1959-07-18,1966-07-16,0,0,0,6,9,0,3,15,8.0
29,beuttler,0,13,,1,,0,1971-07-17,1973-10-07,0,0,0,3,6,0,0,15,0.0
3,tolan,0,1,,0,,0,1956-05-30,1958-05-30,0,0,0,3,0,0,0,2,0.0
3,templeman,0,1,,0,,0,1955-05-30,1960-05-30,0,0,0,3,0,0,0,2,0.0
3,lederle,0,1,,2,,0,1962-12-29,1965-01-01,0,0,0,3,1,0,1,0,1.0
3,orey,0,1,,0,,0,1959-07-05,1959-12-12,0,0,0,1,1,0,0,2,0.0
3,banks,0,2,,0,,0,1950-05-30,1952-05-30,0,0,0,3,1,0,0,1,0.0
3,sutton,0,1,,0,,0,1958-05-30,1960-05-30,0,0,0,3,0,0,0,2,0.0
3,stuppacher,0,0,,3,,0,1976-09-12,1976-10-10,0,0,0,1,0,0,0,0,0.0
3,aston,0,0,,2,,0,1952-07-19,1952-09-07,0,0,0,1,0,0,0,1,0.0
3,tornaco,0,1,,1,,0,1952-06-22,1952-09-07,0,0,0,1,1,0,0,1,0.0
3,leston,0,0,,1,,0,1956-09-02,1957-07-20,0,0,0,2,0,0,0,2,0.0
3,keizan,0,2,,0,,0,1973-03-03,1975-03-01,0,0,0,3,0,0,0,1,0.0
3,noda,0,0,,0,,0,1994-10-16,1994-11-13,0,0,0,1,0,0,0,3,0.0
3,homeier,0,2,,0,,0,1954-05-31,1960-05-30,0,0,0,3,1,0,1,1,1.0
3,mcdowell,0,2,,0,,0,1950-05-30,1952-05-30,0,0,0,3,0,0,0,1,0.0
3,enge,0,2,,0,,0,2001-09-16,2001-10-14,0,0,0,1,0,0,0,1,0.0
3,lippi,0,0,,2,,0,1961-09-10,1963-09-08,0,0,0,3,0,0,0,1,0.0
3,brack,0,0,,0,,0,1968-09-22,1972-09-24,0,0,0,3,0,0,0,3,0.0
3,villeneuve_sr,0,0,,3,,0,1981-09-27,1983-06-12,0,0,0,2,0,0,0,0,0.0
3,volonterio,0,1,,0,,0,1954-10-24,1957-09-08,0,0,0,3,0,0,0,2,0.0
3,branca,0,2,,0,,0,1950-06-04,1951-07-29,0,0,0,2,1,0,0,1,0.0
3,helfrich,0,1,,0,,0,1952-08-03,1954-08-01,0,0,0,3,0,0,0,2,0.0
3,brancatelli,0,0,,3,,0,1979-04-29,1979-05-27,0,0,0,1,0,0,0,0,0.0
3,wacker,0,2,,0,,0,1953-06-21,1954-09-05,0,0,0,2,2,0,0,1,0.0
3,hawkins,0,2,,0,,0,1965-01-01,1965-08-01,0,0,0,1,2,0,0,1,0.0
3,shelly,0,0,,2,,0,1962-07-21,1962-09-16,0,0,0,1,0,0,0,1,0.0
3,harrison,0,1,,0,,0,1950-05-13,1950-09-03,0,0,0,1,1,0,0,2,0.0
3,niday,0,1,,0,,0,1953-05-30,1955-05-30,0,0,0,3,1,0,0,2,0.0
3,serrurier,0,1,,1,,0,1962-12-29,1965-01-01,0,0,0,3,0,0,0,1,0.0
3,pieterse,0,1,,1,,0,1962-12-29,1965-01-01,0,0,0,3,1,0,0,1,0.0
3,pietsch,0,0,,0,,0,1950-09-03,1952-08-03,0,0,0,3,0,0,0,3,0.0
3,piper,0,1,,0,,0,1959-07-18,1960-07-16,0,0,0,2,0,0,0,2,0.0
3,hahne,0,1,,1,,0,1967-08-06,1970-08-02,0,0,0,3,1,0,0,1,0.0
3,guy_mairesse,0,2,,0,,0,1950-09-03,1951-07-01,0,0,0,2,1,0,0,1,0.0
3,amati,0,0,,3,,0,1992-03-01,1992-04-05,0,0,0,0,0,0,0,0,0.0
3,cantoni,0,1,,0,,0,1952-07-19,1952-09-07,0,0,0,1,0,0,0,2,0.0
3,koinigg,0,1,,1,,0,1974-08-18,1974-10-06,0,0,0,1,1,0,0,1,0.0
3,magill,0,0,,0,,0,1957-05-30,1959-05-30,0,0,0,3,0,0,0,3,0.0
3,carini,0,0,,0,,0,1952-07-06,1953-09-13,0,0,0,2,0,0,0,3,0.0
3,griffith,0,2,,0,,0,1951-05-30,1956-05-30,0,0,0,3,2,0,0,1,0.0
3,chaboud,0,2,,0,,0,1950-06-18,1951-07-01,0,0,0,2,2,0,1,1,1.0
3,goldsmith,0,2,,0,,1,1958-05-30,1960-05-30,0,0,0,3,2,0,2,1,6.0
3,chamberlain,0,1,,2,,0,1962-07-21,1962-09-16,0,0,0,1,0,0,0,0,0.0
3,cheesbourg,0,1,,0,,0,1957-05-30,1959-05-30,0,0,0,3,1,0,0,2,0.0
3,nazaruk,0,2,,0,,1,1951-05-30,1954-05-31,0,0,0,3,2,0,2,1,8.0
3,schindler,0,1,,0,,0,1950-05-30,1952-05-30,0,0,0,3,0,0,0,2,0.0
3,colombo,0,0,,3,,0,1978-05-21,1978-09-10,0,0,0,1,0,0,0,0,0.0
3,george_connor,0,2,,0,,0,1950-05-30,1952-05-30,0,0,0,3,2,0,0,1,0.0
3,nalon,0,1,,0,,0,1951-05-30,1953-05-30,0,1,0,3,0,0,0,2,0.0
3,geki,0,1,,1,,0,1964-09-06,1966-09-04,0,0,0,3,1,0,0,1,0.0
3,ratzenberger,0,1,,1,,0,1994-03-27,1994-05-01,0,0,0,1,0,0,0,1,0.0
3,ray_crawford,0,0,,0,,0,1955-05-30,1959-05-30,0,0,0,3,0,0,0,3,0.0
3,galica,0,0,,3,,0,1976-07-18,1978-01-29,0,0,0,2,0,0,0,0,0.0
3,davis,0,1,,1,,0,1959-07-05,1962-07-08,0,0,0,2,0,0,0,1,0.0
3,rolt,0,0,,0,,0,1950-05-13,1955-07-16,0,0,0,3,0,0,0,3,0.0
3,deletraz,0,1,,0,,0,1994-11-13,1995-10-01,0,0,0,2,0,0,0,2,0.0
3,foyt,0,2,,0,,0,1958-05-30,1960-05-30,0,0,0,3,1,0,0,1,0.0
3,fonder,0,2,,0,,0,1952-05-30,1954-05-31,0,0,0,2,0,0,0,1,0.0
3,dolhem,0,0,,2,,0,1974-07-07,1974-10-06,0,0,0,1,0,0,0,1,0.0
30,boesel,0,10,,7,,0,1982-01-23,1983-10-15,0,0,0,2,6,0,0,13,0.0
30,rosset,0,12,,2,,0,1996-03-10,1998-11-01,0,0,0,2,4,0,0,16,0.0
30,gethin,0,11,1971-09-05,0,1971-09-05,1,1970-06-21,1974-07-20,0,0,0,5,8,1,3,19,11.0
30,brabham,0,7,,6,,0,1990-05-13,1994-11-13,0,0,0,2,1,0,0,17,0.0
308,michael_schumacher,21,241,1992-08-30,0,2006-10-01,155,1991-08-25,2012-11-25,7,68,2,19,226,91,221,67,1566.0
308,button,8,242,2006-08-06,0,2012-11-25,50,2000-03-12,2016-11-27,1,8,1,17,180,15,162,66,1235.0
31,revson,0,21,1973-07-14,1,1973-09-23,8,1964-05-10,1974-01-27,0,1,0,5,18,2,14,9,61.0
31,beaufort,0,23,,3,,0,1957-08-04,1964-05-24,0,0,0,8,14,0,4,5,4.0
32,schneider,0,3,,23,,0,1988-04-03,1990-09-30,0,0,0,3,0,0,0,6,0.0
32,sala,0,11,,6,,0,1988-04-03,1989-11-05,0,0,0,2,4,0,1,15,1.0
32,serra,0,11,,13,,0,1981-03-15,1983-05-15,0,0,0,3,6,0,1,8,1.0
32,takagi,0,12,,0,,0,1998-03-08,1999-10-31,0,0,0,2,4,0,0,20,0.0
32,nilsson,0,14,1977-06-05,0,1977-06-05,4,1976-03-06,1977-10-23,0,0,0,2,10,1,9,18,31.0
32,lamy,0,19,,0,,0,1993-09-12,1996-10-13,0,0,0,4,9,0,1,13,1.0
326,barrichello,6,229,2000-07-30,1,2009-09-13,68,1993-03-14,2011-11-27,0,14,2,19,172,11,140,96,658.0
33,nakano,0,18,,0,,0,1997-03-09,1998-11-01,0,0,0,2,9,0,2,15,2.0
34,jules_bianchi,0,28,,0,,0,2013-03-17,2014-10-05,0,0,0,2,1,0,1,6,2.0
35,chilton,0,32,,0,,0,2013-03-17,2014-10-12,0,0,0,2,0,0,0,3,0.0
35,adamich,0,12,,5,,0,1968-01-01,1973-07-14,0,0,0,5,6,0,2,18,6.0
35,villoresi,0,18,,0,,8,1950-05-21,1956-09-02,0,1,0,7,18,0,14,17,49.0
36,schenken,0,16,,2,,1,1970-08-16,1974-10-06,0,0,0,5,9,0,3,18,7.0
36,spence,0,20,,0,,1,1963-09-08,1968-01-01,0,1,0,6,18,0,12,16,27.0
36,gene,0,23,,0,,0,1999-03-07,2004-07-11,0,0,0,4,11,0,2,13,5.0
36,ascari,0,22,1951-07-29,0,1953-08-23,17,1950-05-21,1955-05-22,2,14,1,6,22,13,22,14,140.0
36,nakajima,0,30,,0,,0,2007-10-21,2009-11-01,0,0,0,3,9,0,5,6,9.0
37,keegan,0,12,,12,,0,1977-05-08,1982-09-25,0,0,0,4,5,0,0,13,0.0
37,monteiro,0,29,,0,,1,2005-03-06,2006-10-22,0,0,0,2,5,0,2,8,7.0
37,salazar,0,8,,13,,0,1981-03-15,1983-05-22,0,0,0,3,4,0,2,16,3.0
37,collins,0,16,1956-06-03,2,1958-07-19,9,1952-05-18,1958-08-03,0,0,0,7,15,3,10,19,47.0
37,farina,0,27,1950-05-13,0,1953-08-02,20,1950-05-13,1955-09-11,1,6,1,6,27,5,26,10,127.33
37,henton,0,10,,17,,0,1975-07-19,1982-09-25,0,0,0,4,8,0,0,10,0.0
38,zonta,0,19,,1,,0,1999-03-07,2005-06-19,0,0,0,4,11,0,3,18,3.0
38,wilson_fittipaldi,0,17,,3,,0,1972-05-01,1975-10-05,0,0,0,3,8,0,2,18,3.0
39,rosier,0,26,,0,,2,1950-05-13,1956-08-05,0,0,0,7,25,0,6,13,18.0
39,ganley,0,21,,3,,0,1971-03-06,1974-08-04,0,0,0,4,17,0,5,15,10.0
39,pic,0,30,,0,,0,2012-03-18,2013-11-24,0,0,0,2,0,0,0,9,0.0
4,weyant,0,2,,0,,0,1955-05-30,1959-05-30,0,0,0,4,0,0,0,2,0.0
4,murray,0,0,,0,,0,1950-05-13,1952-07-19,0,0,0,3,0,0,0,4,0.0
4,bartels,0,0,,4,,0,1991-07-28,1991-09-29,0,0,0,1,0,0,0,0,0.0
4,pilette,0,1,,3,,0,1974-05-12,1977-09-11,0,0,0,2,0,0,0,0,0.0
4,cross,0,3,,0,,1,1952-05-30,1955-05-30,0,0,0,4,2,0,2,1,8.0
4,klerk,0,2,,0,,0,1963-12-28,1970-03-07,0,0,0,4,1,0,0,2,0.0
4,pretorius,0,0,,1,,0,1965-01-01,1973-03-03,0,0,0,4,0,0,0,3,0.0
4,munaron,0,2,,0,,0,1960-02-07,1960-09-04,0,0,0,1,0,0,0,2,0.0
4,gaze,0,1,,1,,0,1952-06-22,1952-09-07,0,0,0,1,0,0,0,2,0.0
4,may,0,1,,2,,0,1961-05-14,1961-09-10,0,0,0,1,0,0,0,1,0.0
4,pesenti_rossi,0,3,,1,,0,1976-08-01,1976-09-12,0,0,0,1,0,0,0,0,0.0
4,cabianca,0,2,,1,,0,1958-05-18,1960-09-04,0,0,0,3,1,0,1,1,3.0
4,sachs,0,1,,0,,0,1957-05-30,1960-05-30,0,1,0,4,0,0,0,3,0.0
4,bianco,0,1,,0,,0,1952-07-19,1952-09-07,0,0,0,1,0,0,0,3,0.0
4,webb,0,1,,0,,0,1950-05-30,1954-05-31,0,0,0,4,0,0,0,3,0.0
4,dinsmore,0,2,,0,,0,1950-05-30,1956-05-30,0,0,0,4,0,0,0,2,0.0
4,russo,0,1,,0,,0,1955-05-30,1960-05-30,0,0,0,4,0,0,0,3,0.0
4,peter_walker,0,1,,0,,0,1950-05-13,1955-07-16,0,0,0,3,1,0,0,3,0.0
4,bussinello,0,1,,2,,0,1961-09-10,1965-09-12,0,0,0,3,0,0,0,1,0.0
4,turner,0,1,,0,,0,1956-05-30,1959-05-30,0,0,0,4,0,0,0,3,0.0
4,ayulo,0,4,,0,,1,1951-05-30,1954-05-31,0,0,0,4,1,0,1,0,2.0
4,ide,0,1,,0,,0,2006-03-12,2006-04-23,0,0,0,1,0,0,0,3,0.0
4,teague,0,2,,0,,0,1953-05-30,1957-05-30,0,0,0,3,1,0,0,2,0.0
4,robarts,0,2,,1,,0,1974-01-13,1974-06-09,0,0,0,1,0,0,0,1,0.0
4,guerra,0,0,,3,,0,1981-03-15,1981-05-03,0,0,0,1,0,0,0,1,0.0
4,hansgen,0,1,,2,,0,1961-10-08,1964-10-04,0,0,0,3,1,0,1,1,2.0
4,giunti,0,3,,0,,0,1970-06-07,1970-09-06,0,0,0,1,2,0,1,1,3.0
4,parnell,0,1,,2,,0,1959-07-18,1963-08-04,0,0,0,3,1,0,0,1,0.0
4,belso,0,1,,2,,0,1974-03-30,1974-07-20,0,0,0,1,1,0,0,1,0.0
4,fontana,0,3,,0,,0,1997-06-29,1997-10-26,0,0,0,1,2,0,0,1,0.0
4,reventlow,0,0,,3,,0,1960-05-29,1960-07-16,0,0,0,1,0,0,0,1,0.0
4,hans_stuck,0,1,,1,,0,1952-05-18,1953-09-13,0,0,0,2,0,0,0,2,0.0
4,bristow,0,1,,0,,0,1959-07-18,1960-06-19,0,0,0,2,1,0,0,3,0.0
40,nasr,0,33,,1,,0,2015-03-15,2016-11-27,0,0,0,2,7,0,7,6,29.0
40,max_verstappen,1,33,2016-05-15,1,2016-05-15,7,2015-03-15,2016-11-27,0,0,0,2,27,1,27,6,253.0
40,pirro,0,17,,3,,0,1989-07-09,1991-11-03,0,0,0,3,12,0,2,20,3.0
40,sainz,0,29,,0,,0,2015-03-15,2016-11-27,0,0,0,2,17,0,17,11,64.0
41,kevin_magnussen,0,35,,0,,1,2014-03-16,2016-11-27,0,0,0,3,14,0,14,6,62.0
41,brooks,0,22,1957-07-20,1,1959-08-02,10,1956-05-13,1961-10-08,0,4,1,6,20,6,15,18,75.0
41,baldi,0,17,,5,,0,1982-01-23,1985-05-05,0,0,0,4,13,0,4,19,5.0
41,lammers,0,12,,18,,0,1979-01-21,1992-11-08,0,0,0,5,3,0,0,11,0.0
42,wendlinger,0,18,,1,,0,1991-10-20,1995-11-12,0,0,0,5,11,0,7,23,14.0
42,pryce,0,22,,0,,2,1974-05-12,1977-03-05,0,1,0,4,20,0,9,20,19.0
42,lunger,0,23,,8,,0,1975-08-17,1978-10-01,0,0,0,4,9,0,0,11,0.0
43,fittipaldi,0,26,,3,,0,1992-03-01,1994-11-13,0,0,0,3,18,0,5,14,12.0
44,bandini,0,28,1964-08-23,2,1964-08-23,8,1961-06-18,1967-05-07,0,1,0,7,26,1,17,14,58.0
45,zanardi,0,18,,2,,0,1991-09-29,1999-10-31,0,0,0,4,10,0,1,25,1.0
45,gregory,0,21,,7,,3,1957-05-19,1965-09-12,0,0,0,8,14,0,6,17,21.0
46,bruno_senna,1,35,,0,,0,2010-03-14,2012-11-25,0,0,0,3,11,0,11,11,33.0
46,alguersuari,0,36,,0,,0,2009-07-26,2011-11-27,0,0,0,3,10,0,10,10,31.0
46,albers,0,28,,0,,0,2005-03-06,2007-07-08,0,0,0,3,2,0,1,18,4.0
47,bernard,0,22,,2,,1,1989-07-09,1994-10-16,0,0,0,4,16,0,5,23,10.0
47,karthikeyan,0,33,,1,,0,2005-03-06,2012-11-25,0,0,0,3,1,0,1,13,5.0
47,danner,0,15,,11,,0,1985-09-15,1989-09-24,0,0,0,4,11,0,2,21,4.0
47,cevert,0,29,1971-10-03,1,1971-10-03,13,1970-06-21,1973-10-07,0,0,0,4,28,1,19,17,89.0
48,hawthorn,0,33,1953-07-05,1,1958-07-06,18,1952-06-22,1958-10-19,1,4,0,7,33,3,28,14,127.64
5,vukovich,0,3,1953-05-30,0,1954-05-31,2,1951-05-30,1955-05-30,0,1,0,5,2,2,4,2,19.0
5,mitter,0,2,,1,,0,1963-06-23,1965-08-01,0,0,0,3,2,0,1,2,3.0
5,veith,0,4,,0,,0,1956-05-30,1960-05-30,0,0,0,5,3,0,0,1,0.0
5,pollet,0,2,,0,,0,1954-07-04,1955-09-11,0,0,0,2,2,0,0,3,0.0
5,taylor,0,4,,0,,0,1964-07-11,1966-08-07,0,0,0,2,3,0,1,1,1.0
5,connor,0,3,,0,,0,1954-05-31,1958-05-30,0,1,0,5,2,0,0,2,0.0
5,duncan_hamilton,0,2,,0,,0,1951-07-14,1953-07-18,0,0,0,3,1,0,0,3,0.0
5,elisian,0,1,,0,,0,1954-05-31,1958-05-30,0,0,0,5,0,0,0,4,0.0
5,christie,0,3,,0,,0,1956-05-30,1960-05-30,0,0,0,5,1,0,0,2,0.0
5,keller,0,2,,0,,0,1955-05-30,1959-05-30,0,0,0,5,0,0,0,3,0.0
5,ashmore,0,1,,2,,0,1961-07-15,1962-09-16,0,0,0,2,0,0,0,2,0.0
5,campbell-jones,0,2,,3,,0,1961-08-06,1963-07-20,0,0,0,3,0,0,0,0,0.0
5,bleekemolen,0,0,,4,,0,1977-08-28,1978-10-08,0,0,0,2,0,0,0,1,0.0
5,bob_scott,0,2,,0,,0,1952-05-30,1954-05-31,0,0,0,3,0,0,0,3,0.0
5,sanesi,0,3,,0,,0,1950-09-03,1951-07-14,0,0,0,2,3,0,1,2,3.0
5,byrne,0,0,,3,,0,1982-08-08,1982-09-25,0,0,0,1,0,0,0,2,0.0
5,gaillard,0,1,,3,,0,1979-07-01,1979-08-26,0,0,0,1,0,0,0,1,0.0
5,sommer,0,1,,0,,0,1950-05-21,1950-09-03,0,0,0,1,1,0,1,4,3.0
5,brandon,0,4,,0,,0,1952-05-18,1954-07-17,0,0,0,2,2,0,0,1,0.0
5,herman,0,3,,0,,0,1955-05-30,1960-05-30,0,0,0,5,1,0,0,2,0.0
5,thackwell,0,0,,3,,0,1980-08-31,1984-08-05,0,0,0,2,0,0,0,2,0.0
5,kiesa,0,5,,0,,0,2003-08-03,2003-10-12,0,0,0,1,0,0,0,0,0.0
5,hirt,0,2,,0,,0,1951-05-27,1953-08-23,0,0,0,3,1,0,0,3,0.0
5,andersson,0,0,,4,,0,1976-08-29,1977-07-03,0,0,0,2,0,0,0,1,0.0
5,leoni,0,0,,3,,0,1977-09-11,1978-04-02,0,0,0,2,0,0,0,2,0.0
5,bucci,0,0,,0,,0,1954-07-17,1955-01-16,0,0,0,2,0,0,0,5,0.0
5,sweikert,0,3,1955-05-30,0,1955-05-30,1,1952-05-30,1956-05-30,0,0,0,5,2,1,1,2,8.0
5,filippis,0,1,,2,,0,1958-05-18,1959-05-10,0,0,0,2,1,0,0,2,0.0
5,faulkner,0,4,,0,,0,1950-05-30,1955-05-30,0,1,0,5,2,0,1,1,1.0
5,vaccarella,0,3,,1,,0,1961-09-10,1965-09-12,0,0,0,3,1,0,0,1,0.0
5,estefano,0,1,,4,,0,1960-02-07,1963-07-20,0,0,0,3,0,0,0,0,0.0
5,hoyt,0,2,,0,,0,1950-05-30,1955-05-30,0,1,0,4,1,0,0,3,0.0
5,cabral,0,1,,1,,0,1959-08-23,1964-09-06,0,0,0,4,1,0,0,3,0.0
5,rol,0,1,,0,,0,1950-05-21,1952-09-07,0,0,0,3,1,0,0,4,0.0
5,rossi,0,5,,0,,0,2015-09-20,2015-11-15,0,0,0,1,0,0,0,0,0.0
5,dick_rathmann,0,2,,0,,0,1950-05-30,1960-05-30,0,1,0,5,1,0,1,3,2.0
50,dalmas,0,15,,26,,0,1987-10-18,1994-09-25,0,0,0,5,7,0,0,9,0.0
51,hailwood,0,27,,1,,2,1963-07-20,1974-08-04,0,0,0,7,22,0,10,23,29.0
51,oliver,0,16,,1,,2,1967-08-06,1977-06-19,0,0,0,8,13,0,5,34,13.0
51,salvadori,0,19,,4,,2,1952-07-19,1962-12-29,0,0,0,11,17,0,7,28,19.0
51,klien,0,35,,0,,0,2004-03-07,2010-11-14,0,0,0,4,15,0,8,16,14.0
52,phil_hill,0,33,1960-09-04,4,1961-09-10,16,1958-07-06,1966-09-04,1,6,0,8,30,3,20,15,98.0
54,ginther,0,39,1965-10-24,1,1965-10-24,14,1960-05-29,1967-05-07,0,0,0,8,35,1,28,14,107.0
54,rodriguez,0,29,1967-01-02,0,1970-06-07,7,1963-10-06,1971-07-04,0,0,0,9,28,2,22,25,71.0
54,streiff,0,30,,0,,1,1984-10-21,1988-11-13,0,0,0,5,21,0,5,24,11.0
55,ireland,0,26,1961-10-08,5,1961-10-08,4,1959-05-31,1966-10-23,0,0,0,8,23,1,14,24,47.0
55,buemi,0,40,,0,,0,2009-03-29,2011-11-27,0,0,0,3,15,0,15,15,29.0
55,manfred_winkelhock,0,13,,7,,0,1980-09-14,1985-08-04,0,0,0,5,7,0,1,35,2.0
55,jabouille,0,10,1979-07-01,6,1980-08-17,2,1974-07-07,1981-06-21,0,6,0,7,6,2,3,39,21.0
56,ericsson,0,43,,0,,0,2014-03-16,2016-11-27,0,0,0,3,5,0,5,13,9.0
57,behra,0,25,,0,,9,1952-05-18,1959-07-05,0,0,0,8,25,0,15,32,51.0
58,vergne,0,45,,0,,0,2012-03-18,2014-11-23,0,0,0,3,14,0,14,13,51.0
58,resta,0,52,,0,,0,2011-03-27,2013-11-24,0,0,0,3,26,0,26,6,121.0
58,fangio,0,44,1950-05-21,0,1957-08-04,35,1950-05-13,1958-07-06,5,29,2,8,43,24,44,14,279.14
58,rebaque,0,15,,17,,0,1977-06-05,1981-10-17,0,0,0,5,12,0,6,26,13.0
58,petrov,1,47,,0,,1,2010-03-14,2012-11-25,0,0,0,3,13,0,13,11,64.0
58,badoer,0,25,,2,,0,1993-03-14,2009-08-30,0,0,0,5,11,0,0,31,0.0
59,pescarolo,0,31,,3,,1,1968-09-22,1976-10-10,0,0,0,7,19,0,6,25,12.0
59,kvyat,1,45,,0,,2,2014-03-16,2016-11-27,0,0,0,3,24,0,24,14,128.0
59,gutierrez,1,46,,0,,0,2013-03-17,2016-11-27,0,0,0,3,1,0,1,13,6.0
6,mcgrath,0,5,,0,,2,1950-05-30,1955-05-30,0,1,0,6,3,0,3,1,9.0
6,bertaggia,0,0,,6,,0,1989-08-27,1989-11-05,0,0,0,1,0,0,0,0,0.0
6,reece,0,4,,0,,0,1952-05-30,1958-05-30,0,0,0,6,3,0,0,2,0.0
6,collomb,0,1,,2,,0,1961-07-02,1964-05-10,0,0,0,4,1,0,0,3,0.0
6,wunderink,0,0,,3,,0,1975-04-27,1975-10-05,0,0,0,1,0,0,0,3,0.0
6,levegh,0,3,,0,,0,1950-06-18,1951-09-16,0,0,0,2,3,0,0,3,0.0
6,boyd,0,4,,0,,1,1955-05-30,1960-05-30,0,0,0,6,3,0,1,2,4.0
6,landi,0,3,,0,,0,1951-09-16,1956-01-22,0,0,0,4,3,0,1,3,1.5
6,daigh,0,1,,2,,0,1960-05-29,1960-11-20,0,0,0,1,1,0,0,3,0.0
6,naspetti,0,3,,0,,0,1992-08-30,1993-09-26,0,0,0,1,0,0,0,3,0.0
6,kinnunen,0,0,,5,,0,1974-05-12,1974-09-08,0,0,0,1,0,0,0,1,0.0
6,davies,0,4,,0,,1,1950-05-30,1955-05-30,0,0,0,5,2,0,1,2,4.0
6,kessel,0,1,,3,,0,1976-05-02,1977-09-11,0,0,0,2,0,0,0,2,0.0
6,flaherty,0,3,1956-05-30,0,1956-05-30,1,1950-05-30,1959-05-30,0,1,0,6,3,1,1,3,8.0
6,ongais,0,1,,2,,0,1977-10-02,1978-08-27,0,0,0,2,1,0,0,3,0.0
6,trimmer,0,0,,6,,0,1975-08-03,1978-07-16,0,0,0,4,0,0,0,0,0.0
6,bueb,0,3,,1,,0,1957-05-19,1959-07-18,0,0,0,3,1,0,0,2,0.0
6,hoffmann,0,2,,3,,0,1976-01-25,1977-01-23,0,0,0,2,1,0,0,1,0.0
6,ricardo_rodriguez,0,3,,1,,0,1961-09-10,1962-09-16,0,0,0,2,2,0,2,2,4.0
6,tingle,0,2,,1,,0,1962-12-29,1969-03-01,0,0,0,6,1,0,0,3,0.0
6,sharp,0,4,,0,,0,1961-10-08,1964-10-25,0,0,0,4,2,0,0,2,0.0
6,barber,0,1,,1,,0,1971-05-23,1972-10-08,0,0,0,2,0,0,0,4,0.0
6,portago,0,3,,0,,1,1956-07-01,1957-01-13,0,0,0,2,3,0,2,3,4.0
61,stommelen,0,34,,7,,1,1970-03-07,1978-10-08,0,0,0,8,15,0,7,20,14.0
62,rindt,0,25,1969-10-05,2,1970-08-02,13,1964-08-23,1970-09-06,1,10,0,7,22,6,21,35,109.0
62,grouillard,0,14,,21,,0,1989-03-26,1992-11-08,0,0,0,4,6,0,1,27,1.0
63,blundell,0,31,,2,,3,1991-03-10,1995-11-12,0,0,0,4,25,0,13,30,32.0
63,comas,0,32,,4,,0,1991-03-10,1994-11-06,0,0,0,4,24,0,6,27,7.0
64,schell,0,31,,1,,2,1950-05-21,1960-02-07,0,0,0,11,28,0,12,32,32.0
64,daly,0,26,,15,,0,1978-04-02,1982-09-25,0,0,0,5,19,0,8,23,15.0
68,gilles_villeneuve,0,39,1978-10-08,1,1981-06-21,13,1977-07-16,1982-05-09,0,2,1,6,34,6,21,28,107.0
69,wurz,0,47,,0,,3,1997-06-15,2007-10-07,0,0,0,6,35,0,14,22,45.0
7,daywalt,0,3,,0,,0,1953-05-30,1959-05-30,0,0,0,6,2,0,0,4,0.0
7,stacey,0,1,,0,,0,1958-07-19,1960-06-19,0,0,0,3,1,0,0,6,0.0
7,raby,0,1,,4,,0,1963-07-20,1965-08-01,0,0,0,3,0,0,0,2,0.0
7,hayje,0,0,,4,,0,1976-08-29,1977-08-28,0,0,0,2,0,0,0,3,0.0
7,stevenson,0,4,,0,,0,1951-05-30,1960-05-30,0,0,0,5,1,0,0,3,0.0
7,gerard,0,7,,0,,0,1950-05-13,1957-07-20,0,0,0,6,4,0,0,0,0.0
7,papis,0,2,,0,,0,1995-07-16,1995-10-01,0,0,0,1,1,0,0,5,0.0
7,gerini,0,4,,1,,0,1956-01-22,1958-10-19,0,0,0,2,3,0,1,2,1.5
7,zorzi,0,3,,0,,0,1975-09-07,1977-05-08,0,0,0,3,2,0,1,4,1.0
7,fischer,0,6,,0,,2,1951-05-27,1952-09-07,0,0,0,2,3,0,2,1,10.0
7,kennedy,0,0,,7,,0,1980-01-13,1980-06-29,0,0,0,1,0,0,0,0,0.0
7,mccarthy,0,0,,7,,0,1992-05-03,1992-08-30,0,0,0,0,0,0,0,0,0.0
7,reg_parnell,0,4,,0,,1,1950-05-13,1954-07-17,0,0,0,4,4,0,3,3,9.0
7,mcalpine,0,2,,0,,0,1952-07-19,1955-07-16,0,0,0,3,0,0,0,5,0.0
7,bayol,0,2,,0,,0,1952-09-07,1956-05-13,0,0,0,5,2,0,1,5,2.0
7,barth,0,3,,2,,0,1953-08-02,1964-08-02,0,0,0,6,2,0,0,2,0.0
7,swaters,0,3,,0,,0,1951-07-29,1954-10-24,0,0,0,3,3,0,0,4,0.0
7,parkes,0,3,,1,,2,1959-07-18,1967-06-18,0,1,0,3,3,0,3,3,14.0
7,greene,0,1,,4,,0,1959-07-18,1962-09-16,0,0,0,4,0,0,0,2,0.0
7,joachim_winkelhock,0,0,,7,,0,1989-03-26,1989-07-09,0,0,0,1,0,0,0,0,0.0
7,hobbs,0,6,,0,,0,1967-07-15,1974-09-08,0,0,0,4,6,0,0,1,0.0
7,montagny,0,3,,0,,0,2006-05-07,2006-07-16,0,0,0,1,0,0,0,4,0.0
7,schiattarella,0,3,,0,,0,1994-10-16,1995-05-28,0,0,0,2,1,0,0,4,0.0
70,fabi,0,18,,7,,2,1982-01-23,1987-11-15,0,3,0,5,16,0,9,45,23.0
70,morbidelli,0,34,,3,,1,1990-03-11,1997-10-12,0,0,0,6,18,0,5,33,8.5
70,lehto,0,28,,8,,1,1989-09-24,1994-11-13,0,0,0,6,21,0,4,34,10.0
72,clark,0,50,1962-06-17,0,1968-01-01,32,1960-06-06,1968-01-01,2,33,1,9,46,25,40,22,274.0
72,pironi,0,44,1980-05-04,1,1982-07-03,13,1978-01-15,1982-08-08,0,4,1,5,40,3,29,27,101.0
73,moss,0,37,1955-07-16,0,1961-08-06,24,1951-05-27,1961-10-08,0,17,4,11,36,16,34,36,186.5
73,pace,0,37,1975-01-26,1,1975-01-26,6,1972-03-04,1977-03-05,0,1,0,6,29,1,16,35,58.0
74,moreno,0,17,,32,,1,1982-07-03,1995-11-12,0,0,0,6,10,0,5,25,15.0
75,caffi,0,26,,18,,0,1986-09-07,1991-11-03,0,0,0,6,18,0,3,31,6.0
75,larini,0,26,,26,,1,1987-09-06,1997-05-11,0,0,0,8,12,0,2,23,7.0
76,kubica,1,64,2008-06-08,0,2008-06-08,12,2006-08-06,2010-11-14,0,1,0,5,51,1,46,12,273.0
76,kobayashi,1,53,,0,,1,2009-10-18,2014-11-23,0,0,0,5,28,0,27,23,125.0
77,nannini,0,31,1989-10-22,0,1989-10-22,9,1986-03-23,1990-09-30,0,0,0,5,24,1,19,46,65.0
78,tarquini,0,13,,40,,0,1987-05-03,1995-10-01,0,0,0,7,5,0,1,25,1.0
78,brambilla,0,37,1975-08-17,4,1975-08-17,1,1974-03-30,1980-09-14,0,1,0,7,25,1,9,37,15.5
78,bottas,1,71,,1,,9,2013-03-17,2016-11-27,0,0,0,4,46,0,46,6,411.0
8,solana,0,3,,0,,0,1963-10-27,1968-11-03,0,0,0,6,1,0,0,5,0.0
8,agabashian,0,3,,0,,0,1950-05-30,1957-05-30,0,1,0,8,2,0,1,5,1.5
8,gartner,0,3,,0,,0,1984-05-06,1984-10-21,0,0,0,1,1,0,0,5,0.0
8,paletti,0,0,,5,,0,1982-01-23,1982-06-13,0,0,0,1,0,0,0,3,0.0
8,wilds,0,0,,5,,0,1974-07-20,1976-07-18,0,0,0,3,0,0,0,3,0.0
8,ramos,0,3,,0,,0,1955-06-19,1956-09-02,0,0,0,2,3,0,1,5,2.0
8,leclere,0,5,,1,,0,1975-10-05,1976-07-04,0,0,0,2,1,0,0,2,0.0
8,freeland,0,5,,0,,1,1953-05-30,1960-05-30,0,0,0,8,3,0,1,3,4.0
8,fagioli,0,7,1951-07-01,0,1951-07-01,6,1950-05-13,1951-07-01,0,1,0,2,6,1,6,1,32.0
80,satoru_nakajima,0,35,,6,,0,1987-04-12,1991-11-03,0,0,0,5,27,0,10,39,16.0
80,liuzzi,0,55,,0,,0,2005-04-24,2011-11-27,0,0,0,6,14,0,9,25,26.0
80,gugelmin,0,31,,5,,1,1988-04-03,1992-11-08,0,0,0,5,21,0,4,44,10.0
81,modena,0,30,,11,,2,1987-11-15,1992-11-08,0,0,0,6,13,0,6,40,17.0
81,stuck,0,26,,7,,2,1974-01-13,1979-10-07,0,0,0,6,19,0,12,48,29.0
82,giacomelli,0,28,,13,,1,1977-09-11,1990-09-30,0,1,0,8,18,0,6,41,14.0
84,merzario,0,16,,27,,0,1972-07-15,1979-10-07,0,0,0,8,10,0,5,41,11.0
84,gachot,0,15,,37,,0,1989-03-26,1995-11-12,0,0,0,6,8,0,4,32,5.0
87,trintignant,0,44,1955-05-22,2,1958-05-18,10,1950-05-21,1964-09-06,0,1,0,15,39,2,21,41,72.33
87,gurney,0,44,1962-07-08,1,1967-06-18,19,1959-07-05,1970-07-18,0,3,0,11,41,4,31,42,133.0
87,beltoise,0,49,1972-05-14,2,1972-05-14,8,1967-05-07,1974-10-06,0,0,0,8,43,1,26,36,77.0
88,palmer,0,45,,4,,0,1983-09-25,1989-11-05,0,0,0,7,30,0,8,39,14.0
88,suzuki,0,25,,23,,1,1988-10-30,1995-10-29,0,0,0,8,17,0,5,40,8.0
88,surer,0,51,,6,,0,1979-09-09,1986-05-25,0,0,0,8,37,0,11,31,17.0
9,gardner,0,3,,1,,0,1964-07-11,1968-09-08,0,0,0,3,1,0,0,5,0.0
9,naylor,0,2,,2,,0,1957-08-04,1961-09-10,0,0,0,5,0,0,0,5,0.0
9,bryan,0,7,1958-05-30,0,1958-05-30,3,1952-05-30,1960-05-30,0,0,0,9,4,1,3,2,18.0
9,berg,0,3,,0,,0,1986-06-22,1986-10-26,0,0,0,1,0,0,0,6,0.0
9,bondurant,0,4,,0,,0,1965-10-03,1966-10-23,0,0,0,2,4,0,1,5,3.0
9,ocon,0,9,,0,,0,2016-08-28,2016-11-27,0,0,0,1,0,0,0,0,0.0
9,marko,0,7,,0,,0,1971-08-15,1972-07-02,0,0,0,2,3,0,0,2,0.0
9,roig,0,0,,3,,0,1970-04-19,1972-05-01,0,0,0,3,0,0,0,6,0.0
9,hanks,0,5,1957-05-30,0,1957-05-30,4,1950-05-30,1957-05-30,0,0,0,8,4,1,4,4,20.0
9,gounon,0,4,,0,,0,1993-10-24,1994-09-25,0,0,0,1,1,0,0,5,0.0
9,johnson,0,7,,0,,0,1952-05-30,1960-05-30,0,0,0,9,4,0,1,2,1.0
9,marsh,0,3,,5,,0,1957-08-04,1962-08-05,0,0,0,4,1,0,0,1,0.0
9,lennep,0,7,,1,,0,1971-06-20,1975-08-03,0,0,0,4,5,0,2,1,2.0
9,ruttman,0,5,1952-05-30,1,1952-05-30,1,1950-05-30,1960-05-30,0,0,0,8,3,1,2,3,9.5
9,acheson,0,1,,6,,0,1983-07-16,1985-09-08,0,0,0,2,0,0,0,2,0.0
9,alan_brown,0,6,,0,,0,1952-05-18,1954-07-17,0,0,0,3,3,0,1,3,2.0
9,thomson,0,4,,0,,1,1953-05-30,1960-05-30,0,1,0,8,3,0,3,5,10.0
9,paul_russo,0,6,,0,,1,1950-05-30,1959-05-30,0,0,0,8,6,0,4,3,8.5
9,shelby,0,4,,0,,0,1958-07-06,1959-09-13,0,0,0,2,4,0,0,5,0.0
9,perdisa,0,7,,1,,2,1955-05-22,1957-01-13,0,0,0,3,7,0,3,1,5.0
9,mantovani,0,6,,1,,0,1953-09-13,1955-01-16,0,0,0,3,6,0,2,2,4.0
9,hartley,0,7,,0,,0,1950-05-30,1960-05-30,0,0,0,8,2,0,0,2,0.0
9,halford,0,2,,1,,0,1956-07-14,1960-07-03,0,0,0,4,1,0,0,6,0.0
9,piotti,0,2,,4,,0,1955-09-11,1958-05-18,0,0,0,4,2,0,0,3,0.0
91,sato,0,59,,0,,1,2002-03-03,2008-04-27,0,0,0,7,23,0,14,32,44.0
93,hunt,0,46,1975-06-22,1,1977-10-23,23,1973-06-03,1979-05-27,1,14,0,7,45,10,35,46,179.0
95,depailler,0,54,1978-05-07,0,1979-04-29,19,1972-07-02,1980-07-13,0,1,0,8,48,2,36,41,141.0
95,montoya,3,62,2001-09-16,0,2005-09-25,30,2001-03-04,2006-07-02,0,13,0,6,58,7,57,33,307.0
95,glock,1,74,,1,,3,2004-06-13,2012-11-25,0,0,0,6,21,0,14,20,51.0
96,maldonado,0,67,2012-05-13,0,2012-05-13,1,2011-03-27,2015-11-29,0,1,0,5,14,1,14,29,76.0
97,katayama,0,33,,2,,0,1992-03-01,1997-10-26,0,0,0,6,16,0,3,62,5.0
98,capelli,0,29,,3,,3,1985-10-06,1993-03-28,0,0,0,8,22,0,12,66,31.0
99,diniz,0,39,,1,,0,1995-03-26,2000-10-22,0,0,0,6,26,0,8,59,10.0